timestamp,agent_index,action,score,is_win,is_lose,game_over,map_matrix
2026-05-29T19:11:55.523243,0,West,0.0,False,False,False,"[[0, 0, 0, 0, 0, 0, 0, 0, 0, 0, 0], [0, 2, 2, 2, 2, 2, 2, 2, 2, 3, 0], [0, 2, 0, 0, 0, 2, 0, 0, 0, 2, 0], [0, 2, 0, 2, 2, 2, 2, 2, 0, 2, 0], [0, 2, 2, 2, 0, 2, 0, 2, 2, 2, 0], [0, 0, 0, 2, 0, 2, 0, 2, 0, 0, 0], [0, 2, 2, 2, 2, 2, 2, 2, 2, 2, 0], [0, 2, 0, 2, 0, 0, 0, 2, 0, 2, 0], [0, 2, 0, 2, 0, 4, 0, 2, 0, 2, 0], [0, 5, 0, 2, 0, 1, 1, 2, 0, 2, 0], [0, 2, 0, 2, 0, 1, 1, 2, 0, 2, 0], [0, 2, 0, 2, 0, 4, 0, 2, 0, 2, 0], [0, 2, 0, 2, 0, 0, 0, 2, 0, 2, 0], [0, 2, 2, 2, 2, 2, 2, 2, 2, 2, 0], [0, 0, 0, 2, 0, 2, 0, 2, 0, 0, 0], [0, 2, 2, 2, 0, 2, 0, 2, 2, 2, 0], [0, 2, 0, 2, 2, 2, 2, 2, 0, 2, 0], [0, 2, 0, 0, 0, 2, 0, 0, 0, 2, 0], [0, 3, 2, 2, 2, 2, 2, 2, 2, 2, 0], [0, 0, 0, 0, 0, 0, 0, 0, 0, 0, 0]]"
2026-05-29T19:11:55.527395,0,West,9.0,False,False,False,"[[0, 0, 0, 0, 0, 0, 0, 0, 0, 0, 0], [0, 2, 2, 2, 2, 2, 2, 2, 2, 3, 0], [0, 2, 0, 0, 0, 2, 0, 0, 0, 2, 0], [0, 2, 0, 2, 2, 2, 2, 2, 0, 2, 0], [0, 2, 2, 2, 0, 2, 0, 2, 2, 2, 0], [0, 0, 0, 2, 0, 2, 0, 2, 0, 0, 0], [0, 2, 2, 2, 2, 2, 2, 2, 2, 2, 0], [0, 2, 0, 2, 0, 0, 0, 2, 0, 2, 0], [0, 5, 0, 2, 0, 1, 0, 2, 0, 2, 0], [0, 1, 0, 2, 0, 4, 1, 2, 0, 2, 0], [0, 2, 0, 2, 0, 4, 1, 2, 0, 2, 0], [0, 2, 0, 2, 0, 1, 0, 2, 0, 2, 0], [0, 2, 0, 2, 0, 0, 0, 2, 0, 2, 0], [0, 2, 2, 2, 2, 2, 2, 2, 2, 2, 0], [0, 0, 0, 2, 0, 2, 0, 2, 0, 0, 0], [0, 2, 2, 2, 0, 2, 0, 2, 2, 2, 0], [0, 2, 0, 2, 2, 2, 2, 2, 0, 2, 0], [0, 2, 0, 0, 0, 2, 0, 0, 0, 2, 0], [0, 3, 2, 2, 2, 2, 2, 2, 2, 2, 0], [0, 0, 0, 0, 0, 0, 0, 0, 0, 0, 0]]"
2026-05-29T19:11:55.531569,0,West,18.0,False,False,False,"[[0, 0, 0, 0, 0, 0, 0, 0, 0, 0, 0], [0, 2, 2, 2, 2, 2, 2, 2, 2, 3, 0], [0, 2, 0, 0, 0, 2, 0, 0, 0, 2, 0], [0, 2, 0, 2, 2, 2, 2, 2, 0, 2, 0], [0, 2, 2, 2, 0, 2, 0, 2, 2, 2, 0], [0, 0, 0, 2, 0, 2, 0, 2, 0, 0, 0], [0, 2, 2, 2, 2, 2, 2, 2, 2, 2, 0], [0, 5, 0, 2, 0, 0, 0, 2, 0, 2, 0], [0, 1, 0, 2, 0, 1, 0, 2, 0, 2, 0], [0, 1, 0, 2, 0, 4, 1, 2, 0, 2, 0], [0, 2, 0, 2, 0, 4, 1, 2, 0, 2, 0], [0, 2, 0, 2, 0, 1, 0, 2, 0, 2, 0], [0, 2, 0, 2, 0, 0, 0, 2, 0, 2, 0], [0, 2, 2, 2, 2, 2, 2, 2, 2, 2, 0], [0, 0, 0, 2, 0, 2, 0, 2, 0, 0, 0], [0, 2, 2, 2, 0, 2, 0, 2, 2, 2, 0], [0, 2, 0, 2, 2, 2, 2, 2, 0, 2, 0], [0, 2, 0, 0, 0, 2, 0, 0, 0, 2, 0], [0, 3, 2, 2, 2, 2, 2, 2, 2, 2, 0], [0, 0, 0, 0, 0, 0, 0, 0, 0, 0, 0]]"
2026-05-29T19:11:55.534568,0,North,27.0,False,False,False,"[[0, 0, 0, 0, 0, 0, 0, 0, 0, 0, 0], [0, 2, 2, 2, 2, 2, 2, 2, 2, 3, 0], [0, 2, 0, 0, 0, 2, 0, 0, 0, 2, 0], [0, 2, 0, 2, 2, 2, 2, 2, 0, 2, 0], [0, 2, 2, 2, 0, 2, 0, 2, 2, 2, 0], [0, 0, 0, 2, 0, 2, 0, 2, 0, 0, 0], [0, 5, 2, 2, 2, 2, 2, 2, 2, 2, 0], [0, 1, 0, 2, 0, 0, 0, 2, 0, 2, 0], [0, 1, 0, 2, 0, 4, 0, 2, 0, 2, 0], [0, 1, 0, 2, 0, 1, 1, 2, 0, 2, 0], [0, 2, 0, 2, 0, 1, 1, 2, 0, 2, 0], [0, 2, 0, 2, 0, 4, 0, 2, 0, 2, 0], [0, 2, 0, 2, 0, 0, 0, 2, 0, 2, 0], [0, 2, 2, 2, 2, 2, 2, 2, 2, 2, 0], [0, 0, 0, 2, 0, 2, 0, 2, 0, 0, 0], [0, 2, 2, 2, 0, 2, 0, 2, 2, 2, 0], [0, 2, 0, 2, 2, 2, 2, 2, 0, 2, 0], [0, 2, 0, 0, 0, 2, 0, 0, 0, 2, 0], [0, 3, 2, 2, 2, 2, 2, 2, 2, 2, 0], [0, 0, 0, 0, 0, 0, 0, 0, 0, 0, 0]]"
2026-05-29T19:11:55.542266,0,North,36.0,False,False,False,"[[0, 0, 0, 0, 0, 0, 0, 0, 0, 0, 0], [0, 2, 2, 2, 2, 2, 2, 2, 2, 3, 0], [0, 2, 0, 0, 0, 2, 0, 0, 0, 2, 0], [0, 2, 0, 2, 2, 2, 2, 2, 0, 2, 0], [0, 2, 2, 2, 0, 2, 0, 2, 2, 2, 0], [0, 0, 0, 2, 0, 2, 0, 2, 0, 0, 0], [0, 1, 5, 2, 2, 2, 2, 2, 2, 2, 0], [0, 1, 0, 2, 0, 0, 0, 2, 0, 2, 0], [0, 1, 0, 2, 0, 1, 0, 2, 0, 2, 0], [0, 1, 0, 2, 0, 4, 1, 2, 0, 2, 0], [0, 2, 0, 2, 0, 4, 1, 2, 0, 2, 0], [0, 2, 0, 2, 0, 1, 0, 2, 0, 2, 0], [0, 2, 0, 2, 0, 0, 0, 2, 0, 2, 0], [0, 2, 2, 2, 2, 2, 2, 2, 2, 2, 0], [0, 0, 0, 2, 0, 2, 0, 2, 0, 0, 0], [0, 2, 2, 2, 0, 2, 0, 2, 2, 2, 0], [0, 2, 0, 2, 2, 2, 2, 2, 0, 2, 0], [0, 2, 0, 0, 0, 2, 0, 0, 0, 2, 0], [0, 3, 2, 2, 2, 2, 2, 2, 2, 2, 0], [0, 0, 0, 0, 0, 0, 0, 0, 0, 0, 0]]"
2026-05-29T19:11:55.547885,0,West,45.0,False,False,False,"[[0, 0, 0, 0, 0, 0, 0, 0, 0, 0, 0], [0, 2, 2, 2, 2, 2, 2, 2, 2, 3, 0], [0, 2, 0, 0, 0, 2, 0, 0, 0, 2, 0], [0, 2, 0, 2, 2, 2, 2, 2, 0, 2, 0], [0, 2, 2, 2, 0, 2, 0, 2, 2, 2, 0], [0, 0, 0, 2, 0, 2, 0, 2, 0, 0, 0], [0, 1, 1, 5, 2, 2, 2, 2, 2, 2, 0], [0, 1, 0, 2, 0, 0, 0, 2, 0, 2, 0], [0, 1, 0, 2, 0, 1, 0, 2, 0, 2, 0], [0, 1, 0, 2, 0, 4, 4, 2, 0, 2, 0], [0, 2, 0, 2, 0, 1, 1, 2, 0, 2, 0], [0, 2, 0, 2, 0, 1, 0, 2, 0, 2, 0], [0, 2, 0, 2, 0, 0, 0, 2, 0, 2, 0], [0, 2, 2, 2, 2, 2, 2, 2, 2, 2, 0], [0, 0, 0, 2, 0, 2, 0, 2, 0, 0, 0], [0, 2, 2, 2, 0, 2, 0, 2, 2, 2, 0], [0, 2, 0, 2, 2, 2, 2, 2, 0, 2, 0], [0, 2, 0, 0, 0, 2, 0, 0, 0, 2, 0], [0, 3, 2, 2, 2, 2, 2, 2, 2, 2, 0], [0, 0, 0, 0, 0, 0, 0, 0, 0, 0, 0]]"
2026-05-29T19:11:55.551666,0,West,54.0,False,False,False,"[[0, 0, 0, 0, 0, 0, 0, 0, 0, 0, 0], [0, 2, 2, 2, 2, 2, 2, 2, 2, 3, 0], [0, 2, 0, 0, 0, 2, 0, 0, 0, 2, 0], [0, 2, 0, 2, 2, 2, 2, 2, 0, 2, 0], [0, 2, 2, 2, 0, 2, 0, 2, 2, 2, 0], [0, 0, 0, 5, 0, 2, 0, 2, 0, 0, 0], [0, 1, 1, 1, 2, 2, 2, 2, 2, 2, 0], [0, 1, 0, 2, 0, 0, 0, 2, 0, 2, 0], [0, 1, 0, 2, 0, 4, 0, 2, 0, 2, 0], [0, 1, 0, 2, 0, 1, 1, 2, 0, 2, 0], [0, 2, 0, 2, 0, 1, 4, 2, 0, 2, 0], [0, 2, 0, 2, 0, 1, 0, 2, 0, 2, 0], [0, 2, 0, 2, 0, 0, 0, 2, 0, 2, 0], [0, 2, 2, 2, 2, 2, 2, 2, 2, 2, 0], [0, 0, 0, 2, 0, 2, 0, 2, 0, 0, 0], [0, 2, 2, 2, 0, 2, 0, 2, 2, 2, 0], [0, 2, 0, 2, 2, 2, 2, 2, 0, 2, 0], [0, 2, 0, 0, 0, 2, 0, 0, 0, 2, 0], [0, 3, 2, 2, 2, 2, 2, 2, 2, 2, 0], [0, 0, 0, 0, 0, 0, 0, 0, 0, 0, 0]]"
2026-05-29T19:11:55.557902,0,West,63.0,False,False,False,"[[0, 0, 0, 0, 0, 0, 0, 0, 0, 0, 0], [0, 2, 2, 2, 2, 2, 2, 2, 2, 3, 0], [0, 2, 0, 0, 0, 2, 0, 0, 0, 2, 0], [0, 2, 0, 2, 2, 2, 2, 2, 0, 2, 0], [0, 2, 2, 5, 0, 2, 0, 2, 2, 2, 0], [0, 0, 0, 1, 0, 2, 0, 2, 0, 0, 0], [0, 1, 1, 1, 2, 2, 2, 2, 2, 2, 0], [0, 1, 0, 2, 0, 0, 0, 2, 0, 2, 0], [0, 1, 0, 2, 0, 1, 0, 2, 0, 2, 0], [0, 1, 0, 2, 0, 4, 1, 2, 0, 2, 0], [0, 2, 0, 2, 0, 4, 1, 2, 0, 2, 0], [0, 2, 0, 2, 0, 1, 0, 2, 0, 2, 0], [0, 2, 0, 2, 0, 0, 0, 2, 0, 2, 0], [0, 2, 2, 2, 2, 2, 2, 2, 2, 2, 0], [0, 0, 0, 2, 0, 2, 0, 2, 0, 0, 0], [0, 2, 2, 2, 0, 2, 0, 2, 2, 2, 0], [0, 2, 0, 2, 2, 2, 2, 2, 0, 2, 0], [0, 2, 0, 0, 0, 2, 0, 0, 0, 2, 0], [0, 3, 2, 2, 2, 2, 2, 2, 2, 2, 0], [0, 0, 0, 0, 0, 0, 0, 0, 0, 0, 0]]"
2026-05-29T19:11:55.566934,0,North,72.0,False,False,False,"[[0, 0, 0, 0, 0, 0, 0, 0, 0, 0, 0], [0, 2, 2, 2, 2, 2, 2, 2, 2, 3, 0], [0, 2, 0, 0, 0, 2, 0, 0, 0, 2, 0], [0, 2, 0, 5, 2, 2, 2, 2, 0, 2, 0], [0, 2, 2, 1, 0, 2, 0, 2, 2, 2, 0], [0, 0, 0, 1, 0, 2, 0, 2, 0, 0, 0], [0, 1, 1, 1, 2, 2, 2, 2, 2, 2, 0], [0, 1, 0, 2, 0, 0, 0, 2, 0, 2, 0], [0, 1, 0, 2, 0, 1, 0, 2, 0, 2, 0], [0, 1, 0, 2, 0, 4, 4, 2, 0, 2, 0], [0, 2, 0, 2, 0, 1, 1, 2, 0, 2, 0], [0, 2, 0, 2, 0, 1, 0, 2, 0, 2, 0], [0, 2, 0, 2, 0, 0, 0, 2, 0, 2, 0], [0, 2, 2, 2, 2, 2, 2, 2, 2, 2, 0], [0, 0, 0, 2, 0, 2, 0, 2, 0, 0, 0], [0, 2, 2, 2, 0, 2, 0, 2, 2, 2, 0], [0, 2, 0, 2, 2, 2, 2, 2, 0, 2, 0], [0, 2, 0, 0, 0, 2, 0, 0, 0, 2, 0], [0, 3, 2, 2, 2, 2, 2, 2, 2, 2, 0], [0, 0, 0, 0, 0, 0, 0, 0, 0, 0, 0]]"
2026-05-29T19:11:55.573330,0,North,81.0,False,False,False,"[[0, 0, 0, 0, 0, 0, 0, 0, 0, 0, 0], [0, 2, 2, 2, 2, 2, 2, 2, 2, 3, 0], [0, 2, 0, 0, 0, 2, 0, 0, 0, 2, 0], [0, 2, 0, 1, 5, 2, 2, 2, 0, 2, 0], [0, 2, 2, 1, 0, 2, 0, 2, 2, 2, 0], [0, 0, 0, 1, 0, 2, 0, 2, 0, 0, 0], [0, 1, 1, 1, 2, 2, 2, 2, 2, 2, 0], [0, 1, 0, 2, 0, 0, 0, 2, 0, 2, 0], [0, 1, 0, 2, 0, 1, 0, 2, 0, 2, 0], [0, 1, 0, 2, 0, 1, 4, 4, 0, 2, 0], [0, 2, 0, 2, 0, 1, 1, 2, 0, 2, 0], [0, 2, 0, 2, 0, 1, 0, 2, 0, 2, 0], [0, 2, 0, 2, 0, 0, 0, 2, 0, 2, 0], [0, 2, 2, 2, 2, 2, 2, 2, 2, 2, 0], [0, 0, 0, 2, 0, 2, 0, 2, 0, 0, 0], [0, 2, 2, 2, 0, 2, 0, 2, 2, 2, 0], [0, 2, 0, 2, 2, 2, 2, 2, 0, 2, 0], [0, 2, 0, 0, 0, 2, 0, 0, 0, 2, 0], [0, 3, 2, 2, 2, 2, 2, 2, 2, 2, 0], [0, 0, 0, 0, 0, 0, 0, 0, 0, 0, 0]]"
2026-05-29T19:11:55.578264,0,West,90.0,False,False,False,"[[0, 0, 0, 0, 0, 0, 0, 0, 0, 0, 0], [0, 2, 2, 2, 2, 2, 2, 2, 2, 3, 0], [0, 2, 0, 0, 0, 2, 0, 0, 0, 2, 0], [0, 2, 0, 1, 1, 5, 2, 2, 0, 2, 0], [0, 2, 2, 1, 0, 2, 0, 2, 2, 2, 0], [0, 0, 0, 1, 0, 2, 0, 2, 0, 0, 0], [0, 1, 1, 1, 2, 2, 2, 2, 2, 2, 0], [0, 1, 0, 2, 0, 0, 0, 2, 0, 2, 0], [0, 1, 0, 2, 0, 1, 0, 4, 0, 2, 0], [0, 1, 0, 2, 0, 1, 1, 2, 0, 2, 0], [0, 2, 0, 2, 0, 1, 4, 2, 0, 2, 0], [0, 2, 0, 2, 0, 1, 0, 2, 0, 2, 0], [0, 2, 0, 2, 0, 0, 0, 2, 0, 2, 0], [0, 2, 2, 2, 2, 2, 2, 2, 2, 2, 0], [0, 0, 0, 2, 0, 2, 0, 2, 0, 0, 0], [0, 2, 2, 2, 0, 2, 0, 2, 2, 2, 0], [0, 2, 0, 2, 2, 2, 2, 2, 0, 2, 0], [0, 2, 0, 0, 0, 2, 0, 0, 0, 2, 0], [0, 3, 2, 2, 2, 2, 2, 2, 2, 2, 0], [0, 0, 0, 0, 0, 0, 0, 0, 0, 0, 0]]"
2026-05-29T19:11:55.584433,0,West,99.0,False,False,False,"[[0, 0, 0, 0, 0, 0, 0, 0, 0, 0, 0], [0, 2, 2, 2, 2, 2, 2, 2, 2, 3, 0], [0, 2, 0, 0, 0, 5, 0, 0, 0, 2, 0], [0, 2, 0, 1, 1, 1, 2, 2, 0, 2, 0], [0, 2, 2, 1, 0, 2, 0, 2, 2, 2, 0], [0, 0, 0, 1, 0, 2, 0, 2, 0, 0, 0], [0, 1, 1, 1, 2, 2, 2, 2, 2, 2, 0], [0, 1, 0, 2, 0, 0, 0, 4, 0, 2, 0], [0, 1, 0, 2, 0, 1, 0, 2, 0, 2, 0], [0, 1, 0, 2, 0, 1, 1, 2, 0, 2, 0], [0, 2, 0, 2, 0, 4, 1, 2, 0, 2, 0], [0, 2, 0, 2, 0, 1, 0, 2, 0, 2, 0], [0, 2, 0, 2, 0, 0, 0, 2, 0, 2, 0], [0, 2, 2, 2, 2, 2, 2, 2, 2, 2, 0], [0, 0, 0, 2, 0, 2, 0, 2, 0, 0, 0], [0, 2, 2, 2, 0, 2, 0, 2, 2, 2, 0], [0, 2, 0, 2, 2, 2, 2, 2, 0, 2, 0], [0, 2, 0, 0, 0, 2, 0, 0, 0, 2, 0], [0, 3, 2, 2, 2, 2, 2, 2, 2, 2, 0], [0, 0, 0, 0, 0, 0, 0, 0, 0, 0, 0]]"
2026-05-29T19:11:55.594265,0,North,108.0,False,False,False,"[[0, 0, 0, 0, 0, 0, 0, 0, 0, 0, 0], [0, 2, 2, 2, 2, 5, 2, 2, 2, 3, 0], [0, 2, 0, 0, 0, 1, 0, 0, 0, 2, 0], [0, 2, 0, 1, 1, 1, 2, 2, 0, 2, 0], [0, 2, 2, 1, 0, 2, 0, 2, 2, 2, 0], [0, 0, 0, 1, 0, 2, 0, 2, 0, 0, 0], [0, 1, 1, 1, 2, 2, 2, 4, 2, 2, 0], [0, 1, 0, 2, 0, 0, 0, 2, 0, 2, 0], [0, 1, 0, 2, 0, 1, 0, 2, 0, 2, 0], [0, 1, 0, 2, 0, 4, 1, 2, 0, 2, 0], [0, 2, 0, 2, 0, 1, 1, 2, 0, 2, 0], [0, 2, 0, 2, 0, 1, 0, 2, 0, 2, 0], [0, 2, 0, 2, 0, 0, 0, 2, 0, 2, 0], [0, 2, 2, 2, 2, 2, 2, 2, 2, 2, 0], [0, 0, 0, 2, 0, 2, 0, 2, 0, 0, 0], [0, 2, 2, 2, 0, 2, 0, 2, 2, 2, 0], [0, 2, 0, 2, 2, 2, 2, 2, 0, 2, 0], [0, 2, 0, 0, 0, 2, 0, 0, 0, 2, 0], [0, 3, 2, 2, 2, 2, 2, 2, 2, 2, 0], [0, 0, 0, 0, 0, 0, 0, 0, 0, 0, 0]]"
2026-05-29T19:11:55.597593,0,North,117.0,False,False,False,"[[0, 0, 0, 0, 0, 0, 0, 0, 0, 0, 0], [0, 2, 2, 2, 2, 1, 5, 2, 2, 3, 0], [0, 2, 0, 0, 0, 1, 0, 0, 0, 2, 0], [0, 2, 0, 1, 1, 1, 2, 2, 0, 2, 0], [0, 2, 2, 1, 0, 2, 0, 2, 2, 2, 0], [0, 0, 0, 1, 0, 2, 0, 2, 0, 0, 0], [0, 1, 1, 1, 2, 2, 4, 2, 2, 2, 0], [0, 1, 0, 2, 0, 0, 0, 2, 0, 2, 0], [0, 1, 0, 2, 0, 4, 0, 2, 0, 2, 0], [0, 1, 0, 2, 0, 1, 1, 2, 0, 2, 0], [0, 2, 0, 2, 0, 1, 1, 2, 0, 2, 0], [0, 2, 0, 2, 0, 1, 0, 2, 0, 2, 0], [0, 2, 0, 2, 0, 0, 0, 2, 0, 2, 0], [0, 2, 2, 2, 2, 2, 2, 2, 2, 2, 0], [0, 0, 0, 2, 0, 2, 0, 2, 0, 0, 0], [0, 2, 2, 2, 0, 2, 0, 2, 2, 2, 0], [0, 2, 0, 2, 2, 2, 2, 2, 0, 2, 0], [0, 2, 0, 0, 0, 2, 0, 0, 0, 2, 0], [0, 3, 2, 2, 2, 2, 2, 2, 2, 2, 0], [0, 0, 0, 0, 0, 0, 0, 0, 0, 0, 0]]"
2026-05-29T19:11:55.601587,0,Stop,126.0,False,False,False,"[[0, 0, 0, 0, 0, 0, 0, 0, 0, 0, 0], [0, 2, 2, 2, 2, 1, 1, 5, 2, 3, 0], [0, 2, 0, 0, 0, 1, 0, 0, 0, 2, 0], [0, 2, 0, 1, 1, 1, 2, 2, 0, 2, 0], [0, 2, 2, 1, 0, 2, 0, 2, 2, 2, 0], [0, 0, 0, 1, 0, 2, 0, 2, 0, 0, 0], [0, 1, 1, 1, 2, 4, 2, 2, 2, 2, 0], [0, 1, 0, 2, 0, 0, 0, 2, 0, 2, 0], [0, 1, 0, 2, 0, 1, 0, 2, 0, 2, 0], [0, 1, 0, 2, 0, 4, 1, 2, 0, 2, 0], [0, 2, 0, 2, 0, 1, 1, 2, 0, 2, 0], [0, 2, 0, 2, 0, 1, 0, 2, 0, 2, 0], [0, 2, 0, 2, 0, 0, 0, 2, 0, 2, 0], [0, 2, 2, 2, 2, 2, 2, 2, 2, 2, 0], [0, 0, 0, 2, 0, 2, 0, 2, 0, 0, 0], [0, 2, 2, 2, 0, 2, 0, 2, 2, 2, 0], [0, 2, 0, 2, 2, 2, 2, 2, 0, 2, 0], [0, 2, 0, 0, 0, 2, 0, 0, 0, 2, 0], [0, 3, 2, 2, 2, 2, 2, 2, 2, 2, 0], [0, 0, 0, 0, 0, 0, 0, 0, 0, 0, 0]]"
2026-05-29T19:11:55.604566,0,Stop,125.0,False,False,False,"[[0, 0, 0, 0, 0, 0, 0, 0, 0, 0, 0], [0, 2, 2, 2, 2, 1, 1, 5, 2, 3, 0], [0, 2, 0, 0, 0, 1, 0, 0, 0, 2, 0], [0, 2, 0, 1, 1, 1, 2, 2, 0, 2, 0], [0, 2, 2, 1, 0, 2, 0, 2, 2, 2, 0], [0, 0, 0, 1, 0, 4, 0, 2, 0, 0, 0], [0, 1, 1, 1, 2, 2, 2, 2, 2, 2, 0], [0, 1, 0, 2, 0, 0, 0, 2, 0, 2, 0], [0, 1, 0, 2, 0, 1, 0, 2, 0, 2, 0], [0, 1, 0, 2, 0, 1, 4, 2, 0, 2, 0], [0, 2, 0, 2, 0, 1, 1, 2, 0, 2, 0], [0, 2, 0, 2, 0, 1, 0, 2, 0, 2, 0], [0, 2, 0, 2, 0, 0, 0, 2, 0, 2, 0], [0, 2, 2, 2, 2, 2, 2, 2, 2, 2, 0], [0, 0, 0, 2, 0, 2, 0, 2, 0, 0, 0], [0, 2, 2, 2, 0, 2, 0, 2, 2, 2, 0], [0, 2, 0, 2, 2, 2, 2, 2, 0, 2, 0], [0, 2, 0, 0, 0, 2, 0, 0, 0, 2, 0], [0, 3, 2, 2, 2, 2, 2, 2, 2, 2, 0], [0, 0, 0, 0, 0, 0, 0, 0, 0, 0, 0]]"
2026-05-29T19:11:55.608069,0,Stop,124.0,False,False,False,"[[0, 0, 0, 0, 0, 0, 0, 0, 0, 0, 0], [0, 2, 2, 2, 2, 1, 1, 5, 2, 3, 0], [0, 2, 0, 0, 0, 1, 0, 0, 0, 2, 0], [0, 2, 0, 1, 1, 1, 2, 2, 0, 2, 0], [0, 2, 2, 1, 0, 4, 0, 2, 2, 2, 0], [0, 0, 0, 1, 0, 2, 0, 2, 0, 0, 0], [0, 1, 1, 1, 2, 2, 2, 2, 2, 2, 0], [0, 1, 0, 2, 0, 0, 0, 2, 0, 2, 0], [0, 1, 0, 2, 0, 1, 0, 2, 0, 2, 0], [0, 1, 0, 2, 0, 1, 1, 4, 0, 2, 0], [0, 2, 0, 2, 0, 1, 1, 2, 0, 2, 0], [0, 2, 0, 2, 0, 1, 0, 2, 0, 2, 0], [0, 2, 0, 2, 0, 0, 0, 2, 0, 2, 0], [0, 2, 2, 2, 2, 2, 2, 2, 2, 2, 0], [0, 0, 0, 2, 0, 2, 0, 2, 0, 0, 0], [0, 2, 2, 2, 0, 2, 0, 2, 2, 2, 0], [0, 2, 0, 2, 2, 2, 2, 2, 0, 2, 0], [0, 2, 0, 0, 0, 2, 0, 0, 0, 2, 0], [0, 3, 2, 2, 2, 2, 2, 2, 2, 2, 0], [0, 0, 0, 0, 0, 0, 0, 0, 0, 0, 0]]"
2026-05-29T19:11:55.612300,0,Stop,123.0,False,False,False,"[[0, 0, 0, 0, 0, 0, 0, 0, 0, 0, 0], [0, 2, 2, 2, 2, 1, 1, 5, 2, 3, 0], [0, 2, 0, 0, 0, 1, 0, 0, 0, 2, 0], [0, 2, 0, 1, 1, 4, 2, 2, 0, 2, 0], [0, 2, 2, 1, 0, 2, 0, 2, 2, 2, 0], [0, 0, 0, 1, 0, 2, 0, 2, 0, 0, 0], [0, 1, 1, 1, 2, 2, 2, 2, 2, 2, 0], [0, 1, 0, 2, 0, 0, 0, 2, 0, 2, 0], [0, 1, 0, 2, 0, 1, 0, 2, 0, 2, 0], [0, 1, 0, 2, 0, 1, 1, 2, 0, 2, 0], [0, 2, 0, 2, 0, 1, 1, 4, 0, 2, 0], [0, 2, 0, 2, 0, 1, 0, 2, 0, 2, 0], [0, 2, 0, 2, 0, 0, 0, 2, 0, 2, 0], [0, 2, 2, 2, 2, 2, 2, 2, 2, 2, 0], [0, 0, 0, 2, 0, 2, 0, 2, 0, 0, 0], [0, 2, 2, 2, 0, 2, 0, 2, 2, 2, 0], [0, 2, 0, 2, 2, 2, 2, 2, 0, 2, 0], [0, 2, 0, 0, 0, 2, 0, 0, 0, 2, 0], [0, 3, 2, 2, 2, 2, 2, 2, 2, 2, 0], [0, 0, 0, 0, 0, 0, 0, 0, 0, 0, 0]]"
2026-05-29T19:11:55.615276,0,Stop,122.0,False,False,False,"[[0, 0, 0, 0, 0, 0, 0, 0, 0, 0, 0], [0, 2, 2, 2, 2, 1, 1, 5, 2, 3, 0], [0, 2, 0, 0, 0, 1, 0, 0, 0, 2, 0], [0, 2, 0, 1, 1, 1, 4, 2, 0, 2, 0], [0, 2, 2, 1, 0, 2, 0, 2, 2, 2, 0], [0, 0, 0, 1, 0, 2, 0, 2, 0, 0, 0], [0, 1, 1, 1, 2, 2, 2, 2, 2, 2, 0], [0, 1, 0, 2, 0, 0, 0, 2, 0, 2, 0], [0, 1, 0, 2, 0, 1, 0, 2, 0, 2, 0], [0, 1, 0, 2, 0, 1, 1, 2, 0, 2, 0], [0, 2, 0, 2, 0, 1, 4, 2, 0, 2, 0], [0, 2, 0, 2, 0, 1, 0, 2, 0, 2, 0], [0, 2, 0, 2, 0, 0, 0, 2, 0, 2, 0], [0, 2, 2, 2, 2, 2, 2, 2, 2, 2, 0], [0, 0, 0, 2, 0, 2, 0, 2, 0, 0, 0], [0, 2, 2, 2, 0, 2, 0, 2, 2, 2, 0], [0, 2, 0, 2, 2, 2, 2, 2, 0, 2, 0], [0, 2, 0, 0, 0, 2, 0, 0, 0, 2, 0], [0, 3, 2, 2, 2, 2, 2, 2, 2, 2, 0], [0, 0, 0, 0, 0, 0, 0, 0, 0, 0, 0]]"
2026-05-29T19:11:55.618761,0,Stop,121.0,False,False,False,"[[0, 0, 0, 0, 0, 0, 0, 0, 0, 0, 0], [0, 2, 2, 2, 2, 1, 1, 5, 2, 3, 0], [0, 2, 0, 0, 0, 1, 0, 0, 0, 2, 0], [0, 2, 0, 1, 1, 1, 2, 4, 0, 2, 0], [0, 2, 2, 1, 0, 2, 0, 2, 2, 2, 0], [0, 0, 0, 1, 0, 2, 0, 2, 0, 0, 0], [0, 1, 1, 1, 2, 2, 2, 2, 2, 2, 0], [0, 1, 0, 2, 0, 0, 0, 2, 0, 2, 0], [0, 1, 0, 2, 0, 1, 0, 2, 0, 2, 0], [0, 1, 0, 2, 0, 1, 4, 2, 0, 2, 0], [0, 2, 0, 2, 0, 1, 1, 2, 0, 2, 0], [0, 2, 0, 2, 0, 1, 0, 2, 0, 2, 0], [0, 2, 0, 2, 0, 0, 0, 2, 0, 2, 0], [0, 2, 2, 2, 2, 2, 2, 2, 2, 2, 0], [0, 0, 0, 2, 0, 2, 0, 2, 0, 0, 0], [0, 2, 2, 2, 0, 2, 0, 2, 2, 2, 0], [0, 2, 0, 2, 2, 2, 2, 2, 0, 2, 0], [0, 2, 0, 0, 0, 2, 0, 0, 0, 2, 0], [0, 3, 2, 2, 2, 2, 2, 2, 2, 2, 0], [0, 0, 0, 0, 0, 0, 0, 0, 0, 0, 0]]"
2026-05-29T19:11:55.624705,0,Stop,120.0,False,False,False,"[[0, 0, 0, 0, 0, 0, 0, 0, 0, 0, 0], [0, 2, 2, 2, 2, 1, 1, 5, 2, 3, 0], [0, 2, 0, 0, 0, 1, 0, 0, 0, 2, 0], [0, 2, 0, 1, 1, 1, 2, 2, 0, 2, 0], [0, 2, 2, 1, 0, 2, 0, 4, 2, 2, 0], [0, 0, 0, 1, 0, 2, 0, 2, 0, 0, 0], [0, 1, 1, 1, 2, 2, 2, 2, 2, 2, 0], [0, 1, 0, 2, 0, 0, 0, 2, 0, 2, 0], [0, 1, 0, 2, 0, 1, 0, 2, 0, 2, 0], [0, 1, 0, 2, 0, 1, 1, 4, 0, 2, 0], [0, 2, 0, 2, 0, 1, 1, 2, 0, 2, 0], [0, 2, 0, 2, 0, 1, 0, 2, 0, 2, 0], [0, 2, 0, 2, 0, 0, 0, 2, 0, 2, 0], [0, 2, 2, 2, 2, 2, 2, 2, 2, 2, 0], [0, 0, 0, 2, 0, 2, 0, 2, 0, 0, 0], [0, 2, 2, 2, 0, 2, 0, 2, 2, 2, 0], [0, 2, 0, 2, 2, 2, 2, 2, 0, 2, 0], [0, 2, 0, 0, 0, 2, 0, 0, 0, 2, 0], [0, 3, 2, 2, 2, 2, 2, 2, 2, 2, 0], [0, 0, 0, 0, 0, 0, 0, 0, 0, 0, 0]]"
2026-05-29T19:11:55.628444,0,Stop,119.0,False,False,False,"[[0, 0, 0, 0, 0, 0, 0, 0, 0, 0, 0], [0, 2, 2, 2, 2, 1, 1, 5, 2, 3, 0], [0, 2, 0, 0, 0, 1, 0, 0, 0, 2, 0], [0, 2, 0, 1, 1, 1, 2, 2, 0, 2, 0], [0, 2, 2, 1, 0, 2, 0, 2, 2, 2, 0], [0, 0, 0, 1, 0, 2, 0, 4, 0, 0, 0], [0, 1, 1, 1, 2, 2, 2, 2, 2, 2, 0], [0, 1, 0, 2, 0, 0, 0, 2, 0, 2, 0], [0, 1, 0, 2, 0, 1, 0, 4, 0, 2, 0], [0, 1, 0, 2, 0, 1, 1, 2, 0, 2, 0], [0, 2, 0, 2, 0, 1, 1, 2, 0, 2, 0], [0, 2, 0, 2, 0, 1, 0, 2, 0, 2, 0], [0, 2, 0, 2, 0, 0, 0, 2, 0, 2, 0], [0, 2, 2, 2, 2, 2, 2, 2, 2, 2, 0], [0, 0, 0, 2, 0, 2, 0, 2, 0, 0, 0], [0, 2, 2, 2, 0, 2, 0, 2, 2, 2, 0], [0, 2, 0, 2, 2, 2, 2, 2, 0, 2, 0], [0, 2, 0, 0, 0, 2, 0, 0, 0, 2, 0], [0, 3, 2, 2, 2, 2, 2, 2, 2, 2, 0], [0, 0, 0, 0, 0, 0, 0, 0, 0, 0, 0]]"
2026-05-29T19:11:55.632112,0,Stop,118.0,False,False,False,"[[0, 0, 0, 0, 0, 0, 0, 0, 0, 0, 0], [0, 2, 2, 2, 2, 1, 1, 5, 2, 3, 0], [0, 2, 0, 0, 0, 1, 0, 0, 0, 2, 0], [0, 2, 0, 1, 1, 1, 2, 2, 0, 2, 0], [0, 2, 2, 1, 0, 2, 0, 2, 2, 2, 0], [0, 0, 0, 1, 0, 2, 0, 2, 0, 0, 0], [0, 1, 1, 1, 2, 2, 2, 4, 2, 2, 0], [0, 1, 0, 2, 0, 0, 0, 4, 0, 2, 0], [0, 1, 0, 2, 0, 1, 0, 2, 0, 2, 0], [0, 1, 0, 2, 0, 1, 1, 2, 0, 2, 0], [0, 2, 0, 2, 0, 1, 1, 2, 0, 2, 0], [0, 2, 0, 2, 0, 1, 0, 2, 0, 2, 0], [0, 2, 0, 2, 0, 0, 0, 2, 0, 2, 0], [0, 2, 2, 2, 2, 2, 2, 2, 2, 2, 0], [0, 0, 0, 2, 0, 2, 0, 2, 0, 0, 0], [0, 2, 2, 2, 0, 2, 0, 2, 2, 2, 0], [0, 2, 0, 2, 2, 2, 2, 2, 0, 2, 0], [0, 2, 0, 0, 0, 2, 0, 0, 0, 2, 0], [0, 3, 2, 2, 2, 2, 2, 2, 2, 2, 0], [0, 0, 0, 0, 0, 0, 0, 0, 0, 0, 0]]"
2026-05-29T19:11:55.635654,0,Stop,117.0,False,False,False,"[[0, 0, 0, 0, 0, 0, 0, 0, 0, 0, 0], [0, 2, 2, 2, 2, 1, 1, 5, 2, 3, 0], [0, 2, 0, 0, 0, 1, 0, 0, 0, 2, 0], [0, 2, 0, 1, 1, 1, 2, 2, 0, 2, 0], [0, 2, 2, 1, 0, 2, 0, 2, 2, 2, 0], [0, 0, 0, 1, 0, 2, 0, 2, 0, 0, 0], [0, 1, 1, 1, 2, 2, 2, 4, 2, 2, 0], [0, 1, 0, 2, 0, 0, 0, 4, 0, 2, 0], [0, 1, 0, 2, 0, 1, 0, 2, 0, 2, 0], [0, 1, 0, 2, 0, 1, 1, 2, 0, 2, 0], [0, 2, 0, 2, 0, 1, 1, 2, 0, 2, 0], [0, 2, 0, 2, 0, 1, 0, 2, 0, 2, 0], [0, 2, 0, 2, 0, 0, 0, 2, 0, 2, 0], [0, 2, 2, 2, 2, 2, 2, 2, 2, 2, 0], [0, 0, 0, 2, 0, 2, 0, 2, 0, 0, 0], [0, 2, 2, 2, 0, 2, 0, 2, 2, 2, 0], [0, 2, 0, 2, 2, 2, 2, 2, 0, 2, 0], [0, 2, 0, 0, 0, 2, 0, 0, 0, 2, 0], [0, 3, 2, 2, 2, 2, 2, 2, 2, 2, 0], [0, 0, 0, 0, 0, 0, 0, 0, 0, 0, 0]]"
2026-05-29T19:11:55.638563,0,Stop,116.0,False,False,False,"[[0, 0, 0, 0, 0, 0, 0, 0, 0, 0, 0], [0, 2, 2, 2, 2, 1, 1, 5, 2, 3, 0], [0, 2, 0, 0, 0, 1, 0, 0, 0, 2, 0], [0, 2, 0, 1, 1, 1, 2, 2, 0, 2, 0], [0, 2, 2, 1, 0, 2, 0, 2, 2, 2, 0], [0, 0, 0, 1, 0, 2, 0, 4, 0, 0, 0], [0, 1, 1, 1, 2, 2, 2, 2, 2, 2, 0], [0, 1, 0, 2, 0, 0, 0, 2, 0, 2, 0], [0, 1, 0, 2, 0, 1, 0, 4, 0, 2, 0], [0, 1, 0, 2, 0, 1, 1, 2, 0, 2, 0], [0, 2, 0, 2, 0, 1, 1, 2, 0, 2, 0], [0, 2, 0, 2, 0, 1, 0, 2, 0, 2, 0], [0, 2, 0, 2, 0, 0, 0, 2, 0, 2, 0], [0, 2, 2, 2, 2, 2, 2, 2, 2, 2, 0], [0, 0, 0, 2, 0, 2, 0, 2, 0, 0, 0], [0, 2, 2, 2, 0, 2, 0, 2, 2, 2, 0], [0, 2, 0, 2, 2, 2, 2, 2, 0, 2, 0], [0, 2, 0, 0, 0, 2, 0, 0, 0, 2, 0], [0, 3, 2, 2, 2, 2, 2, 2, 2, 2, 0], [0, 0, 0, 0, 0, 0, 0, 0, 0, 0, 0]]"
2026-05-29T19:11:55.821791,0,Stop,115.0,False,False,False,"[[0, 0, 0, 0, 0, 0, 0, 0, 0, 0, 0], [0, 2, 2, 2, 2, 1, 1, 5, 2, 3, 0], [0, 2, 0, 0, 0, 1, 0, 0, 0, 2, 0], [0, 2, 0, 1, 1, 1, 2, 2, 0, 2, 0], [0, 2, 2, 1, 0, 2, 0, 4, 2, 2, 0], [0, 0, 0, 1, 0, 2, 0, 2, 0, 0, 0], [0, 1, 1, 1, 2, 2, 2, 2, 2, 2, 0], [0, 1, 0, 2, 0, 0, 0, 2, 0, 2, 0], [0, 1, 0, 2, 0, 1, 0, 2, 0, 2, 0], [0, 1, 0, 2, 0, 1, 1, 4, 0, 2, 0], [0, 2, 0, 2, 0, 1, 1, 2, 0, 2, 0], [0, 2, 0, 2, 0, 1, 0, 2, 0, 2, 0], [0, 2, 0, 2, 0, 0, 0, 2, 0, 2, 0], [0, 2, 2, 2, 2, 2, 2, 2, 2, 2, 0], [0, 0, 0, 2, 0, 2, 0, 2, 0, 0, 0], [0, 2, 2, 2, 0, 2, 0, 2, 2, 2, 0], [0, 2, 0, 2, 2, 2, 2, 2, 0, 2, 0], [0, 2, 0, 0, 0, 2, 0, 0, 0, 2, 0], [0, 3, 2, 2, 2, 2, 2, 2, 2, 2, 0], [0, 0, 0, 0, 0, 0, 0, 0, 0, 0, 0]]"
2026-05-29T19:11:55.824716,0,Stop,114.0,False,False,False,"[[0, 0, 0, 0, 0, 0, 0, 0, 0, 0, 0], [0, 2, 2, 2, 2, 1, 1, 5, 2, 3, 0], [0, 2, 0, 0, 0, 1, 0, 0, 0, 2, 0], [0, 2, 0, 1, 1, 1, 2, 4, 0, 2, 0], [0, 2, 2, 1, 0, 2, 0, 2, 2, 2, 0], [0, 0, 0, 1, 0, 2, 0, 2, 0, 0, 0], [0, 1, 1, 1, 2, 2, 2, 2, 2, 2, 0], [0, 1, 0, 2, 0, 0, 0, 2, 0, 2, 0], [0, 1, 0, 2, 0, 1, 0, 2, 0, 2, 0], [0, 1, 0, 2, 0, 1, 4, 2, 0, 2, 0], [0, 2, 0, 2, 0, 1, 1, 2, 0, 2, 0], [0, 2, 0, 2, 0, 1, 0, 2, 0, 2, 0], [0, 2, 0, 2, 0, 0, 0, 2, 0, 2, 0], [0, 2, 2, 2, 2, 2, 2, 2, 2, 2, 0], [0, 0, 0, 2, 0, 2, 0, 2, 0, 0, 0], [0, 2, 2, 2, 0, 2, 0, 2, 2, 2, 0], [0, 2, 0, 2, 2, 2, 2, 2, 0, 2, 0], [0, 2, 0, 0, 0, 2, 0, 0, 0, 2, 0], [0, 3, 2, 2, 2, 2, 2, 2, 2, 2, 0], [0, 0, 0, 0, 0, 0, 0, 0, 0, 0, 0]]"
2026-05-29T19:11:55.828565,0,Stop,113.0,False,False,False,"[[0, 0, 0, 0, 0, 0, 0, 0, 0, 0, 0], [0, 2, 2, 2, 2, 1, 1, 5, 2, 3, 0], [0, 2, 0, 0, 0, 1, 0, 0, 0, 2, 0], [0, 2, 0, 1, 1, 1, 4, 2, 0, 2, 0], [0, 2, 2, 1, 0, 2, 0, 2, 2, 2, 0], [0, 0, 0, 1, 0, 2, 0, 2, 0, 0, 0], [0, 1, 1, 1, 2, 2, 2, 2, 2, 2, 0], [0, 1, 0, 2, 0, 0, 0, 2, 0, 2, 0], [0, 1, 0, 2, 0, 1, 0, 2, 0, 2, 0], [0, 1, 0, 2, 0, 1, 1, 2, 0, 2, 0], [0, 2, 0, 2, 0, 1, 4, 2, 0, 2, 0], [0, 2, 0, 2, 0, 1, 0, 2, 0, 2, 0], [0, 2, 0, 2, 0, 0, 0, 2, 0, 2, 0], [0, 2, 2, 2, 2, 2, 2, 2, 2, 2, 0], [0, 0, 0, 2, 0, 2, 0, 2, 0, 0, 0], [0, 2, 2, 2, 0, 2, 0, 2, 2, 2, 0], [0, 2, 0, 2, 2, 2, 2, 2, 0, 2, 0], [0, 2, 0, 0, 0, 2, 0, 0, 0, 2, 0], [0, 3, 2, 2, 2, 2, 2, 2, 2, 2, 0], [0, 0, 0, 0, 0, 0, 0, 0, 0, 0, 0]]"
2026-05-29T19:11:55.832688,0,Stop,112.0,False,False,False,"[[0, 0, 0, 0, 0, 0, 0, 0, 0, 0, 0], [0, 2, 2, 2, 2, 1, 1, 5, 2, 3, 0], [0, 2, 0, 0, 0, 1, 0, 0, 0, 2, 0], [0, 2, 0, 1, 1, 4, 2, 2, 0, 2, 0], [0, 2, 2, 1, 0, 2, 0, 2, 2, 2, 0], [0, 0, 0, 1, 0, 2, 0, 2, 0, 0, 0], [0, 1, 1, 1, 2, 2, 2, 2, 2, 2, 0], [0, 1, 0, 2, 0, 0, 0, 2, 0, 2, 0], [0, 1, 0, 2, 0, 1, 0, 2, 0, 2, 0], [0, 1, 0, 2, 0, 1, 1, 2, 0, 2, 0], [0, 2, 0, 2, 0, 4, 1, 2, 0, 2, 0], [0, 2, 0, 2, 0, 1, 0, 2, 0, 2, 0], [0, 2, 0, 2, 0, 0, 0, 2, 0, 2, 0], [0, 2, 2, 2, 2, 2, 2, 2, 2, 2, 0], [0, 0, 0, 2, 0, 2, 0, 2, 0, 0, 0], [0, 2, 2, 2, 0, 2, 0, 2, 2, 2, 0], [0, 2, 0, 2, 2, 2, 2, 2, 0, 2, 0], [0, 2, 0, 0, 0, 2, 0, 0, 0, 2, 0], [0, 3, 2, 2, 2, 2, 2, 2, 2, 2, 0], [0, 0, 0, 0, 0, 0, 0, 0, 0, 0, 0]]"
2026-05-29T19:11:55.837068,0,Stop,111.0,False,False,False,"[[0, 0, 0, 0, 0, 0, 0, 0, 0, 0, 0], [0, 2, 2, 2, 2, 1, 1, 5, 2, 3, 0], [0, 2, 0, 0, 0, 1, 0, 0, 0, 2, 0], [0, 2, 0, 1, 1, 1, 2, 2, 0, 2, 0], [0, 2, 2, 1, 0, 4, 0, 2, 2, 2, 0], [0, 0, 0, 1, 0, 2, 0, 2, 0, 0, 0], [0, 1, 1, 1, 2, 2, 2, 2, 2, 2, 0], [0, 1, 0, 2, 0, 0, 0, 2, 0, 2, 0], [0, 1, 0, 2, 0, 1, 0, 2, 0, 2, 0], [0, 1, 0, 2, 0, 4, 1, 2, 0, 2, 0], [0, 2, 0, 2, 0, 1, 1, 2, 0, 2, 0], [0, 2, 0, 2, 0, 1, 0, 2, 0, 2, 0], [0, 2, 0, 2, 0, 0, 0, 2, 0, 2, 0], [0, 2, 2, 2, 2, 2, 2, 2, 2, 2, 0], [0, 0, 0, 2, 0, 2, 0, 2, 0, 0, 0], [0, 2, 2, 2, 0, 2, 0, 2, 2, 2, 0], [0, 2, 0, 2, 2, 2, 2, 2, 0, 2, 0], [0, 2, 0, 0, 0, 2, 0, 0, 0, 2, 0], [0, 3, 2, 2, 2, 2, 2, 2, 2, 2, 0], [0, 0, 0, 0, 0, 0, 0, 0, 0, 0, 0]]"
2026-05-29T19:11:55.840771,0,Stop,110.0,False,False,False,"[[0, 0, 0, 0, 0, 0, 0, 0, 0, 0, 0], [0, 2, 2, 2, 2, 1, 1, 5, 2, 3, 0], [0, 2, 0, 0, 0, 1, 0, 0, 0, 2, 0], [0, 2, 0, 1, 1, 1, 2, 2, 0, 2, 0], [0, 2, 2, 1, 0, 2, 0, 2, 2, 2, 0], [0, 0, 0, 1, 0, 4, 0, 2, 0, 0, 0], [0, 1, 1, 1, 2, 2, 2, 2, 2, 2, 0], [0, 1, 0, 2, 0, 0, 0, 2, 0, 2, 0], [0, 1, 0, 2, 0, 1, 0, 2, 0, 2, 0], [0, 1, 0, 2, 0, 1, 4, 2, 0, 2, 0], [0, 2, 0, 2, 0, 1, 1, 2, 0, 2, 0], [0, 2, 0, 2, 0, 1, 0, 2, 0, 2, 0], [0, 2, 0, 2, 0, 0, 0, 2, 0, 2, 0], [0, 2, 2, 2, 2, 2, 2, 2, 2, 2, 0], [0, 0, 0, 2, 0, 2, 0, 2, 0, 0, 0], [0, 2, 2, 2, 0, 2, 0, 2, 2, 2, 0], [0, 2, 0, 2, 2, 2, 2, 2, 0, 2, 0], [0, 2, 0, 0, 0, 2, 0, 0, 0, 2, 0], [0, 3, 2, 2, 2, 2, 2, 2, 2, 2, 0], [0, 0, 0, 0, 0, 0, 0, 0, 0, 0, 0]]"
2026-05-29T19:11:55.844947,0,Stop,109.0,False,False,False,"[[0, 0, 0, 0, 0, 0, 0, 0, 0, 0, 0], [0, 2, 2, 2, 2, 1, 1, 5, 2, 3, 0], [0, 2, 0, 0, 0, 1, 0, 0, 0, 2, 0], [0, 2, 0, 1, 1, 1, 2, 2, 0, 2, 0], [0, 2, 2, 1, 0, 2, 0, 2, 2, 2, 0], [0, 0, 0, 1, 0, 2, 0, 2, 0, 0, 0], [0, 1, 1, 1, 2, 4, 2, 2, 2, 2, 0], [0, 1, 0, 2, 0, 0, 0, 2, 0, 2, 0], [0, 1, 0, 2, 0, 1, 0, 2, 0, 2, 0], [0, 1, 0, 2, 0, 1, 1, 4, 0, 2, 0], [0, 2, 0, 2, 0, 1, 1, 2, 0, 2, 0], [0, 2, 0, 2, 0, 1, 0, 2, 0, 2, 0], [0, 2, 0, 2, 0, 0, 0, 2, 0, 2, 0], [0, 2, 2, 2, 2, 2, 2, 2, 2, 2, 0], [0, 0, 0, 2, 0, 2, 0, 2, 0, 0, 0], [0, 2, 2, 2, 0, 2, 0, 2, 2, 2, 0], [0, 2, 0, 2, 2, 2, 2, 2, 0, 2, 0], [0, 2, 0, 0, 0, 2, 0, 0, 0, 2, 0], [0, 3, 2, 2, 2, 2, 2, 2, 2, 2, 0], [0, 0, 0, 0, 0, 0, 0, 0, 0, 0, 0]]"
2026-05-29T19:11:55.848560,0,Stop,108.0,False,False,False,"[[0, 0, 0, 0, 0, 0, 0, 0, 0, 0, 0], [0, 2, 2, 2, 2, 1, 1, 5, 2, 3, 0], [0, 2, 0, 0, 0, 1, 0, 0, 0, 2, 0], [0, 2, 0, 1, 1, 1, 2, 2, 0, 2, 0], [0, 2, 2, 1, 0, 2, 0, 2, 2, 2, 0], [0, 0, 0, 1, 0, 2, 0, 2, 0, 0, 0], [0, 1, 1, 1, 2, 2, 4, 2, 2, 2, 0], [0, 1, 0, 2, 0, 0, 0, 2, 0, 2, 0], [0, 1, 0, 2, 0, 1, 0, 4, 0, 2, 0], [0, 1, 0, 2, 0, 1, 1, 2, 0, 2, 0], [0, 2, 0, 2, 0, 1, 1, 2, 0, 2, 0], [0, 2, 0, 2, 0, 1, 0, 2, 0, 2, 0], [0, 2, 0, 2, 0, 0, 0, 2, 0, 2, 0], [0, 2, 2, 2, 2, 2, 2, 2, 2, 2, 0], [0, 0, 0, 2, 0, 2, 0, 2, 0, 0, 0], [0, 2, 2, 2, 0, 2, 0, 2, 2, 2, 0], [0, 2, 0, 2, 2, 2, 2, 2, 0, 2, 0], [0, 2, 0, 0, 0, 2, 0, 0, 0, 2, 0], [0, 3, 2, 2, 2, 2, 2, 2, 2, 2, 0], [0, 0, 0, 0, 0, 0, 0, 0, 0, 0, 0]]"
2026-05-29T19:11:55.853120,0,Stop,107.0,False,False,False,"[[0, 0, 0, 0, 0, 0, 0, 0, 0, 0, 0], [0, 2, 2, 2, 2, 1, 1, 5, 2, 3, 0], [0, 2, 0, 0, 0, 1, 0, 0, 0, 2, 0], [0, 2, 0, 1, 1, 1, 2, 2, 0, 2, 0], [0, 2, 2, 1, 0, 2, 0, 2, 2, 2, 0], [0, 0, 0, 1, 0, 2, 0, 2, 0, 0, 0], [0, 1, 1, 1, 2, 2, 2, 4, 2, 2, 0], [0, 1, 0, 2, 0, 0, 0, 4, 0, 2, 0], [0, 1, 0, 2, 0, 1, 0, 2, 0, 2, 0], [0, 1, 0, 2, 0, 1, 1, 2, 0, 2, 0], [0, 2, 0, 2, 0, 1, 1, 2, 0, 2, 0], [0, 2, 0, 2, 0, 1, 0, 2, 0, 2, 0], [0, 2, 0, 2, 0, 0, 0, 2, 0, 2, 0], [0, 2, 2, 2, 2, 2, 2, 2, 2, 2, 0], [0, 0, 0, 2, 0, 2, 0, 2, 0, 0, 0], [0, 2, 2, 2, 0, 2, 0, 2, 2, 2, 0], [0, 2, 0, 2, 2, 2, 2, 2, 0, 2, 0], [0, 2, 0, 0, 0, 2, 0, 0, 0, 2, 0], [0, 3, 2, 2, 2, 2, 2, 2, 2, 2, 0], [0, 0, 0, 0, 0, 0, 0, 0, 0, 0, 0]]"
2026-05-29T19:11:55.856741,0,Stop,106.0,False,False,False,"[[0, 0, 0, 0, 0, 0, 0, 0, 0, 0, 0], [0, 2, 2, 2, 2, 1, 1, 5, 2, 3, 0], [0, 2, 0, 0, 0, 1, 0, 0, 0, 2, 0], [0, 2, 0, 1, 1, 1, 2, 2, 0, 2, 0], [0, 2, 2, 1, 0, 2, 0, 2, 2, 2, 0], [0, 0, 0, 1, 0, 2, 0, 4, 0, 0, 0], [0, 1, 1, 1, 2, 2, 2, 4, 2, 2, 0], [0, 1, 0, 2, 0, 0, 0, 2, 0, 2, 0], [0, 1, 0, 2, 0, 1, 0, 2, 0, 2, 0], [0, 1, 0, 2, 0, 1, 1, 2, 0, 2, 0], [0, 2, 0, 2, 0, 1, 1, 2, 0, 2, 0], [0, 2, 0, 2, 0, 1, 0, 2, 0, 2, 0], [0, 2, 0, 2, 0, 0, 0, 2, 0, 2, 0], [0, 2, 2, 2, 2, 2, 2, 2, 2, 2, 0], [0, 0, 0, 2, 0, 2, 0, 2, 0, 0, 0], [0, 2, 2, 2, 0, 2, 0, 2, 2, 2, 0], [0, 2, 0, 2, 2, 2, 2, 2, 0, 2, 0], [0, 2, 0, 0, 0, 2, 0, 0, 0, 2, 0], [0, 3, 2, 2, 2, 2, 2, 2, 2, 2, 0], [0, 0, 0, 0, 0, 0, 0, 0, 0, 0, 0]]"
2026-05-29T19:11:55.859757,0,Stop,105.0,False,False,False,"[[0, 0, 0, 0, 0, 0, 0, 0, 0, 0, 0], [0, 2, 2, 2, 2, 1, 1, 5, 2, 3, 0], [0, 2, 0, 0, 0, 1, 0, 0, 0, 2, 0], [0, 2, 0, 1, 1, 1, 2, 2, 0, 2, 0], [0, 2, 2, 1, 0, 2, 0, 4, 2, 2, 0], [0, 0, 0, 1, 0, 2, 0, 4, 0, 0, 0], [0, 1, 1, 1, 2, 2, 2, 2, 2, 2, 0], [0, 1, 0, 2, 0, 0, 0, 2, 0, 2, 0], [0, 1, 0, 2, 0, 1, 0, 2, 0, 2, 0], [0, 1, 0, 2, 0, 1, 1, 2, 0, 2, 0], [0, 2, 0, 2, 0, 1, 1, 2, 0, 2, 0], [0, 2, 0, 2, 0, 1, 0, 2, 0, 2, 0], [0, 2, 0, 2, 0, 0, 0, 2, 0, 2, 0], [0, 2, 2, 2, 2, 2, 2, 2, 2, 2, 0], [0, 0, 0, 2, 0, 2, 0, 2, 0, 0, 0], [0, 2, 2, 2, 0, 2, 0, 2, 2, 2, 0], [0, 2, 0, 2, 2, 2, 2, 2, 0, 2, 0], [0, 2, 0, 0, 0, 2, 0, 0, 0, 2, 0], [0, 3, 2, 2, 2, 2, 2, 2, 2, 2, 0], [0, 0, 0, 0, 0, 0, 0, 0, 0, 0, 0]]"
2026-05-29T19:11:55.863304,0,Stop,104.0,False,False,False,"[[0, 0, 0, 0, 0, 0, 0, 0, 0, 0, 0], [0, 2, 2, 2, 2, 1, 1, 5, 2, 3, 0], [0, 2, 0, 0, 0, 1, 0, 0, 0, 2, 0], [0, 2, 0, 1, 1, 1, 2, 4, 0, 2, 0], [0, 2, 2, 1, 0, 2, 0, 4, 2, 2, 0], [0, 0, 0, 1, 0, 2, 0, 2, 0, 0, 0], [0, 1, 1, 1, 2, 2, 2, 2, 2, 2, 0], [0, 1, 0, 2, 0, 0, 0, 2, 0, 2, 0], [0, 1, 0, 2, 0, 1, 0, 2, 0, 2, 0], [0, 1, 0, 2, 0, 1, 1, 2, 0, 2, 0], [0, 2, 0, 2, 0, 1, 1, 2, 0, 2, 0], [0, 2, 0, 2, 0, 1, 0, 2, 0, 2, 0], [0, 2, 0, 2, 0, 0, 0, 2, 0, 2, 0], [0, 2, 2, 2, 2, 2, 2, 2, 2, 2, 0], [0, 0, 0, 2, 0, 2, 0, 2, 0, 0, 0], [0, 2, 2, 2, 0, 2, 0, 2, 2, 2, 0], [0, 2, 0, 2, 2, 2, 2, 2, 0, 2, 0], [0, 2, 0, 0, 0, 2, 0, 0, 0, 2, 0], [0, 3, 2, 2, 2, 2, 2, 2, 2, 2, 0], [0, 0, 0, 0, 0, 0, 0, 0, 0, 0, 0]]"
2026-05-29T19:11:55.866034,0,Stop,103.0,False,False,False,"[[0, 0, 0, 0, 0, 0, 0, 0, 0, 0, 0], [0, 2, 2, 2, 2, 1, 1, 5, 2, 3, 0], [0, 2, 0, 0, 0, 1, 0, 0, 0, 2, 0], [0, 2, 0, 1, 1, 1, 4, 4, 0, 2, 0], [0, 2, 2, 1, 0, 2, 0, 2, 2, 2, 0], [0, 0, 0, 1, 0, 2, 0, 2, 0, 0, 0], [0, 1, 1, 1, 2, 2, 2, 2, 2, 2, 0], [0, 1, 0, 2, 0, 0, 0, 2, 0, 2, 0], [0, 1, 0, 2, 0, 1, 0, 2, 0, 2, 0], [0, 1, 0, 2, 0, 1, 1, 2, 0, 2, 0], [0, 2, 0, 2, 0, 1, 1, 2, 0, 2, 0], [0, 2, 0, 2, 0, 1, 0, 2, 0, 2, 0], [0, 2, 0, 2, 0, 0, 0, 2, 0, 2, 0], [0, 2, 2, 2, 2, 2, 2, 2, 2, 2, 0], [0, 0, 0, 2, 0, 2, 0, 2, 0, 0, 0], [0, 2, 2, 2, 0, 2, 0, 2, 2, 2, 0], [0, 2, 0, 2, 2, 2, 2, 2, 0, 2, 0], [0, 2, 0, 0, 0, 2, 0, 0, 0, 2, 0], [0, 3, 2, 2, 2, 2, 2, 2, 2, 2, 0], [0, 0, 0, 0, 0, 0, 0, 0, 0, 0, 0]]"
2026-05-29T19:11:55.870390,0,Stop,102.0,False,False,False,"[[0, 0, 0, 0, 0, 0, 0, 0, 0, 0, 0], [0, 2, 2, 2, 2, 1, 1, 5, 2, 3, 0], [0, 2, 0, 0, 0, 1, 0, 0, 0, 2, 0], [0, 2, 0, 1, 1, 4, 4, 2, 0, 2, 0], [0, 2, 2, 1, 0, 2, 0, 2, 2, 2, 0], [0, 0, 0, 1, 0, 2, 0, 2, 0, 0, 0], [0, 1, 1, 1, 2, 2, 2, 2, 2, 2, 0], [0, 1, 0, 2, 0, 0, 0, 2, 0, 2, 0], [0, 1, 0, 2, 0, 1, 0, 2, 0, 2, 0], [0, 1, 0, 2, 0, 1, 1, 2, 0, 2, 0], [0, 2, 0, 2, 0, 1, 1, 2, 0, 2, 0], [0, 2, 0, 2, 0, 1, 0, 2, 0, 2, 0], [0, 2, 0, 2, 0, 0, 0, 2, 0, 2, 0], [0, 2, 2, 2, 2, 2, 2, 2, 2, 2, 0], [0, 0, 0, 2, 0, 2, 0, 2, 0, 0, 0], [0, 2, 2, 2, 0, 2, 0, 2, 2, 2, 0], [0, 2, 0, 2, 2, 2, 2, 2, 0, 2, 0], [0, 2, 0, 0, 0, 2, 0, 0, 0, 2, 0], [0, 3, 2, 2, 2, 2, 2, 2, 2, 2, 0], [0, 0, 0, 0, 0, 0, 0, 0, 0, 0, 0]]"
2026-05-29T19:11:55.873949,0,Stop,101.0,False,False,False,"[[0, 0, 0, 0, 0, 0, 0, 0, 0, 0, 0], [0, 2, 2, 2, 2, 1, 1, 5, 2, 3, 0], [0, 2, 0, 0, 0, 4, 0, 0, 0, 2, 0], [0, 2, 0, 1, 1, 4, 2, 2, 0, 2, 0], [0, 2, 2, 1, 0, 2, 0, 2, 2, 2, 0], [0, 0, 0, 1, 0, 2, 0, 2, 0, 0, 0], [0, 1, 1, 1, 2, 2, 2, 2, 2, 2, 0], [0, 1, 0, 2, 0, 0, 0, 2, 0, 2, 0], [0, 1, 0, 2, 0, 1, 0, 2, 0, 2, 0], [0, 1, 0, 2, 0, 1, 1, 2, 0, 2, 0], [0, 2, 0, 2, 0, 1, 1, 2, 0, 2, 0], [0, 2, 0, 2, 0, 1, 0, 2, 0, 2, 0], [0, 2, 0, 2, 0, 0, 0, 2, 0, 2, 0], [0, 2, 2, 2, 2, 2, 2, 2, 2, 2, 0], [0, 0, 0, 2, 0, 2, 0, 2, 0, 0, 0], [0, 2, 2, 2, 0, 2, 0, 2, 2, 2, 0], [0, 2, 0, 2, 2, 2, 2, 2, 0, 2, 0], [0, 2, 0, 0, 0, 2, 0, 0, 0, 2, 0], [0, 3, 2, 2, 2, 2, 2, 2, 2, 2, 0], [0, 0, 0, 0, 0, 0, 0, 0, 0, 0, 0]]"
2026-05-29T19:11:55.877366,0,Stop,100.0,False,False,False,"[[0, 0, 0, 0, 0, 0, 0, 0, 0, 0, 0], [0, 2, 2, 2, 2, 4, 1, 5, 2, 3, 0], [0, 2, 0, 0, 0, 4, 0, 0, 0, 2, 0], [0, 2, 0, 1, 1, 1, 2, 2, 0, 2, 0], [0, 2, 2, 1, 0, 2, 0, 2, 2, 2, 0], [0, 0, 0, 1, 0, 2, 0, 2, 0, 0, 0], [0, 1, 1, 1, 2, 2, 2, 2, 2, 2, 0], [0, 1, 0, 2, 0, 0, 0, 2, 0, 2, 0], [0, 1, 0, 2, 0, 1, 0, 2, 0, 2, 0], [0, 1, 0, 2, 0, 1, 1, 2, 0, 2, 0], [0, 2, 0, 2, 0, 1, 1, 2, 0, 2, 0], [0, 2, 0, 2, 0, 1, 0, 2, 0, 2, 0], [0, 2, 0, 2, 0, 0, 0, 2, 0, 2, 0], [0, 2, 2, 2, 2, 2, 2, 2, 2, 2, 0], [0, 0, 0, 2, 0, 2, 0, 2, 0, 0, 0], [0, 2, 2, 2, 0, 2, 0, 2, 2, 2, 0], [0, 2, 0, 2, 2, 2, 2, 2, 0, 2, 0], [0, 2, 0, 0, 0, 2, 0, 0, 0, 2, 0], [0, 3, 2, 2, 2, 2, 2, 2, 2, 2, 0], [0, 0, 0, 0, 0, 0, 0, 0, 0, 0, 0]]"
2026-05-29T19:11:55.879241,0,North,99.0,False,False,False,"[[0, 0, 0, 0, 0, 0, 0, 0, 0, 0, 0], [0, 2, 2, 2, 2, 4, 4, 5, 2, 3, 0], [0, 2, 0, 0, 0, 1, 0, 0, 0, 2, 0], [0, 2, 0, 1, 1, 1, 2, 2, 0, 2, 0], [0, 2, 2, 1, 0, 2, 0, 2, 2, 2, 0], [0, 0, 0, 1, 0, 2, 0, 2, 0, 0, 0], [0, 1, 1, 1, 2, 2, 2, 2, 2, 2, 0], [0, 1, 0, 2, 0, 0, 0, 2, 0, 2, 0], [0, 1, 0, 2, 0, 1, 0, 2, 0, 2, 0], [0, 1, 0, 2, 0, 1, 1, 2, 0, 2, 0], [0, 2, 0, 2, 0, 1, 1, 2, 0, 2, 0], [0, 2, 0, 2, 0, 1, 0, 2, 0, 2, 0], [0, 2, 0, 2, 0, 0, 0, 2, 0, 2, 0], [0, 2, 2, 2, 2, 2, 2, 2, 2, 2, 0], [0, 0, 0, 2, 0, 2, 0, 2, 0, 0, 0], [0, 2, 2, 2, 0, 2, 0, 2, 2, 2, 0], [0, 2, 0, 2, 2, 2, 2, 2, 0, 2, 0], [0, 2, 0, 0, 0, 2, 0, 0, 0, 2, 0], [0, 3, 2, 2, 2, 2, 2, 2, 2, 2, 0], [0, 0, 0, 0, 0, 0, 0, 0, 0, 0, 0]]"
2026-05-29T19:11:55.880592,0,North,108.0,False,False,False,"[[0, 0, 0, 0, 0, 0, 0, 0, 0, 0, 0], [0, 2, 2, 2, 4, 1, 1, 4, 5, 3, 0], [0, 2, 0, 0, 0, 1, 0, 0, 0, 2, 0], [0, 2, 0, 1, 1, 1, 2, 2, 0, 2, 0], [0, 2, 2, 1, 0, 2, 0, 2, 2, 2, 0], [0, 0, 0, 1, 0, 2, 0, 2, 0, 0, 0], [0, 1, 1, 1, 2, 2, 2, 2, 2, 2, 0], [0, 1, 0, 2, 0, 0, 0, 2, 0, 2, 0], [0, 1, 0, 2, 0, 1, 0, 2, 0, 2, 0], [0, 1, 0, 2, 0, 1, 1, 2, 0, 2, 0], [0, 2, 0, 2, 0, 1, 1, 2, 0, 2, 0], [0, 2, 0, 2, 0, 1, 0, 2, 0, 2, 0], [0, 2, 0, 2, 0, 0, 0, 2, 0, 2, 0], [0, 2, 2, 2, 2, 2, 2, 2, 2, 2, 0], [0, 0, 0, 2, 0, 2, 0, 2, 0, 0, 0], [0, 2, 2, 2, 0, 2, 0, 2, 2, 2, 0], [0, 2, 0, 2, 2, 2, 2, 2, 0, 2, 0], [0, 2, 0, 0, 0, 2, 0, 0, 0, 2, 0], [0, 3, 2, 2, 2, 2, 2, 2, 2, 2, 0], [0, 0, 0, 0, 0, 0, 0, 0, 0, 0, 0]]"
2026-05-29T19:11:55.883981,0,East,107.0,False,False,False,"[[0, 0, 0, 0, 0, 0, 0, 0, 0, 0, 0], [0, 2, 2, 4, 2, 1, 1, 4, 1, 5, 0], [0, 2, 0, 0, 0, 1, 0, 0, 0, 2, 0], [0, 2, 0, 1, 1, 1, 2, 2, 0, 2, 0], [0, 2, 2, 1, 0, 2, 0, 2, 2, 2, 0], [0, 0, 0, 1, 0, 2, 0, 2, 0, 0, 0], [0, 1, 1, 1, 2, 2, 2, 2, 2, 2, 0], [0, 1, 0, 2, 0, 0, 0, 2, 0, 2, 0], [0, 1, 0, 2, 0, 1, 0, 2, 0, 2, 0], [0, 1, 0, 2, 0, 1, 1, 2, 0, 2, 0], [0, 2, 0, 2, 0, 1, 1, 2, 0, 2, 0], [0, 2, 0, 2, 0, 1, 0, 2, 0, 2, 0], [0, 2, 0, 2, 0, 0, 0, 2, 0, 2, 0], [0, 2, 2, 2, 2, 2, 2, 2, 2, 2, 0], [0, 0, 0, 2, 0, 2, 0, 2, 0, 0, 0], [0, 2, 2, 2, 0, 2, 0, 2, 2, 2, 0], [0, 2, 0, 2, 2, 2, 2, 2, 0, 2, 0], [0, 2, 0, 0, 0, 2, 0, 0, 0, 2, 0], [0, 3, 2, 2, 2, 2, 2, 2, 2, 2, 0], [0, 0, 0, 0, 0, 0, 0, 0, 0, 0, 0]]"
2026-05-29T19:11:55.887065,0,West,116.0,False,False,False,"[[0, 0, 0, 0, 0, 0, 0, 0, 0, 0, 0], [0, 2, 2, 4, 2, 1, 1, 1, 4, 1, 0], [0, 2, 0, 0, 0, 1, 0, 0, 0, 5, 0], [0, 2, 0, 1, 1, 1, 2, 2, 0, 2, 0], [0, 2, 2, 1, 0, 2, 0, 2, 2, 2, 0], [0, 0, 0, 1, 0, 2, 0, 2, 0, 0, 0], [0, 1, 1, 1, 2, 2, 2, 2, 2, 2, 0], [0, 1, 0, 2, 0, 0, 0, 2, 0, 2, 0], [0, 1, 0, 2, 0, 1, 0, 2, 0, 2, 0], [0, 1, 0, 2, 0, 1, 1, 2, 0, 2, 0], [0, 2, 0, 2, 0, 1, 1, 2, 0, 2, 0], [0, 2, 0, 2, 0, 1, 0, 2, 0, 2, 0], [0, 2, 0, 2, 0, 0, 0, 2, 0, 2, 0], [0, 2, 2, 2, 2, 2, 2, 2, 2, 2, 0], [0, 0, 0, 2, 0, 2, 0, 2, 0, 0, 0], [0, 2, 2, 2, 0, 2, 0, 2, 2, 2, 0], [0, 2, 0, 2, 2, 2, 2, 2, 0, 2, 0], [0, 2, 0, 0, 0, 2, 0, 0, 0, 2, 0], [0, 3, 2, 2, 2, 2, 2, 2, 2, 2, 0], [0, 0, 0, 0, 0, 0, 0, 0, 0, 0, 0]]"
2026-05-29T19:11:55.889651,0,East,315.0,False,False,False,"[[0, 0, 0, 0, 0, 0, 0, 0, 0, 0, 0], [0, 2, 4, 2, 2, 1, 1, 1, 1, 5, 0], [0, 2, 0, 0, 0, 1, 0, 0, 0, 1, 0], [0, 2, 0, 1, 1, 1, 2, 2, 0, 2, 0], [0, 2, 2, 1, 0, 2, 0, 2, 2, 2, 0], [0, 0, 0, 1, 0, 2, 0, 2, 0, 0, 0], [0, 1, 1, 1, 2, 2, 2, 2, 2, 2, 0], [0, 1, 0, 2, 0, 0, 0, 2, 0, 2, 0], [0, 1, 0, 2, 0, 1, 0, 2, 0, 2, 0], [0, 1, 0, 2, 0, 1, 1, 2, 0, 2, 0], [0, 2, 0, 2, 0, 1, 1, 2, 0, 2, 0], [0, 2, 0, 2, 0, 4, 0, 2, 0, 2, 0], [0, 2, 0, 2, 0, 0, 0, 2, 0, 2, 0], [0, 2, 2, 2, 2, 2, 2, 2, 2, 2, 0], [0, 0, 0, 2, 0, 2, 0, 2, 0, 0, 0], [0, 2, 2, 2, 0, 2, 0, 2, 2, 2, 0], [0, 2, 0, 2, 2, 2, 2, 2, 0, 2, 0], [0, 2, 0, 0, 0, 2, 0, 0, 0, 2, 0], [0, 3, 2, 2, 2, 2, 2, 2, 2, 2, 0], [0, 0, 0, 0, 0, 0, 0, 0, 0, 0, 0]]"
2026-05-29T19:11:55.893664,0,East,314.0,False,False,False,"[[0, 0, 0, 0, 0, 0, 0, 0, 0, 0, 0], [0, 2, 4, 2, 2, 1, 1, 1, 1, 1, 0], [0, 2, 0, 0, 0, 1, 0, 0, 0, 5, 0], [0, 2, 0, 1, 1, 1, 2, 2, 0, 2, 0], [0, 2, 2, 1, 0, 2, 0, 2, 2, 2, 0], [0, 0, 0, 1, 0, 2, 0, 2, 0, 0, 0], [0, 1, 1, 1, 2, 2, 2, 2, 2, 2, 0], [0, 1, 0, 2, 0, 0, 0, 2, 0, 2, 0], [0, 1, 0, 2, 0, 1, 0, 2, 0, 2, 0], [0, 1, 0, 2, 0, 1, 1, 2, 0, 2, 0], [0, 2, 0, 2, 0, 4, 1, 2, 0, 2, 0], [0, 2, 0, 2, 0, 1, 0, 2, 0, 2, 0], [0, 2, 0, 2, 0, 0, 0, 2, 0, 2, 0], [0, 2, 2, 2, 2, 2, 2, 2, 2, 2, 0], [0, 0, 0, 2, 0, 2, 0, 2, 0, 0, 0], [0, 2, 2, 2, 0, 2, 0, 2, 2, 2, 0], [0, 2, 0, 2, 2, 2, 2, 2, 0, 2, 0], [0, 2, 0, 0, 0, 2, 0, 0, 0, 2, 0], [0, 3, 2, 2, 2, 2, 2, 2, 2, 2, 0], [0, 0, 0, 0, 0, 0, 0, 0, 0, 0, 0]]"
2026-05-29T19:11:55.898068,0,East,323.0,False,False,False,"[[0, 0, 0, 0, 0, 0, 0, 0, 0, 0, 0], [0, 4, 2, 2, 2, 1, 1, 1, 1, 1, 0], [0, 2, 0, 0, 0, 1, 0, 0, 0, 1, 0], [0, 2, 0, 1, 1, 1, 2, 2, 0, 5, 0], [0, 2, 2, 1, 0, 2, 0, 2, 2, 2, 0], [0, 0, 0, 1, 0, 2, 0, 2, 0, 0, 0], [0, 1, 1, 1, 2, 2, 2, 2, 2, 2, 0], [0, 1, 0, 2, 0, 0, 0, 2, 0, 2, 0], [0, 1, 0, 2, 0, 1, 0, 2, 0, 2, 0], [0, 1, 0, 2, 0, 4, 1, 2, 0, 2, 0], [0, 2, 0, 2, 0, 1, 1, 2, 0, 2, 0], [0, 2, 0, 2, 0, 1, 0, 2, 0, 2, 0], [0, 2, 0, 2, 0, 0, 0, 2, 0, 2, 0], [0, 2, 2, 2, 2, 2, 2, 2, 2, 2, 0], [0, 0, 0, 2, 0, 2, 0, 2, 0, 0, 0], [0, 2, 2, 2, 0, 2, 0, 2, 2, 2, 0], [0, 2, 0, 2, 2, 2, 2, 2, 0, 2, 0], [0, 2, 0, 0, 0, 2, 0, 0, 0, 2, 0], [0, 3, 2, 2, 2, 2, 2, 2, 2, 2, 0], [0, 0, 0, 0, 0, 0, 0, 0, 0, 0, 0]]"
2026-05-29T19:11:55.902133,0,South,332.0,False,False,False,"[[0, 0, 0, 0, 0, 0, 0, 0, 0, 0, 0], [0, 4, 2, 2, 2, 1, 1, 1, 1, 1, 0], [0, 2, 0, 0, 0, 1, 0, 0, 0, 1, 0], [0, 2, 0, 1, 1, 1, 2, 2, 0, 1, 0], [0, 2, 2, 1, 0, 2, 0, 2, 2, 5, 0], [0, 0, 0, 1, 0, 2, 0, 2, 0, 0, 0], [0, 1, 1, 1, 2, 2, 2, 2, 2, 2, 0], [0, 1, 0, 2, 0, 0, 0, 2, 0, 2, 0], [0, 1, 0, 2, 0, 1, 0, 2, 0, 2, 0], [0, 1, 0, 2, 0, 1, 4, 2, 0, 2, 0], [0, 2, 0, 2, 0, 1, 1, 2, 0, 2, 0], [0, 2, 0, 2, 0, 1, 0, 2, 0, 2, 0], [0, 2, 0, 2, 0, 0, 0, 2, 0, 2, 0], [0, 2, 2, 2, 2, 2, 2, 2, 2, 2, 0], [0, 0, 0, 2, 0, 2, 0, 2, 0, 0, 0], [0, 2, 2, 2, 0, 2, 0, 2, 2, 2, 0], [0, 2, 0, 2, 2, 2, 2, 2, 0, 2, 0], [0, 2, 0, 0, 0, 2, 0, 0, 0, 2, 0], [0, 3, 2, 2, 2, 2, 2, 2, 2, 2, 0], [0, 0, 0, 0, 0, 0, 0, 0, 0, 0, 0]]"
2026-05-29T19:11:55.905765,0,South,341.0,False,False,False,"[[0, 0, 0, 0, 0, 0, 0, 0, 0, 0, 0], [0, 4, 2, 2, 2, 1, 1, 1, 1, 1, 0], [0, 2, 0, 0, 0, 1, 0, 0, 0, 1, 0], [0, 2, 0, 1, 1, 1, 2, 2, 0, 1, 0], [0, 2, 2, 1, 0, 2, 0, 2, 5, 1, 0], [0, 0, 0, 1, 0, 2, 0, 2, 0, 0, 0], [0, 1, 1, 1, 2, 2, 2, 2, 2, 2, 0], [0, 1, 0, 2, 0, 0, 0, 2, 0, 2, 0], [0, 1, 0, 2, 0, 1, 0, 2, 0, 2, 0], [0, 1, 0, 2, 0, 1, 1, 4, 0, 2, 0], [0, 2, 0, 2, 0, 1, 1, 2, 0, 2, 0], [0, 2, 0, 2, 0, 1, 0, 2, 0, 2, 0], [0, 2, 0, 2, 0, 0, 0, 2, 0, 2, 0], [0, 2, 2, 2, 2, 2, 2, 2, 2, 2, 0], [0, 0, 0, 2, 0, 2, 0, 2, 0, 0, 0], [0, 2, 2, 2, 0, 2, 0, 2, 2, 2, 0], [0, 2, 0, 2, 2, 2, 2, 2, 0, 2, 0], [0, 2, 0, 0, 0, 2, 0, 0, 0, 2, 0], [0, 3, 2, 2, 2, 2, 2, 2, 2, 2, 0], [0, 0, 0, 0, 0, 0, 0, 0, 0, 0, 0]]"
2026-05-29T19:11:55.908740,0,West,350.0,False,False,False,"[[0, 0, 0, 0, 0, 0, 0, 0, 0, 0, 0], [0, 2, 2, 2, 2, 1, 1, 1, 1, 1, 0], [0, 4, 0, 0, 0, 1, 0, 0, 0, 1, 0], [0, 2, 0, 1, 1, 1, 2, 2, 0, 1, 0], [0, 2, 2, 1, 0, 2, 0, 5, 1, 1, 0], [0, 0, 0, 1, 0, 2, 0, 2, 0, 0, 0], [0, 1, 1, 1, 2, 2, 2, 2, 2, 2, 0], [0, 1, 0, 2, 0, 0, 0, 2, 0, 2, 0], [0, 1, 0, 2, 0, 1, 0, 4, 0, 2, 0], [0, 1, 0, 2, 0, 1, 1, 2, 0, 2, 0], [0, 2, 0, 2, 0, 1, 1, 2, 0, 2, 0], [0, 2, 0, 2, 0, 1, 0, 2, 0, 2, 0], [0, 2, 0, 2, 0, 0, 0, 2, 0, 2, 0], [0, 2, 2, 2, 2, 2, 2, 2, 2, 2, 0], [0, 0, 0, 2, 0, 2, 0, 2, 0, 0, 0], [0, 2, 2, 2, 0, 2, 0, 2, 2, 2, 0], [0, 2, 0, 2, 2, 2, 2, 2, 0, 2, 0], [0, 2, 0, 0, 0, 2, 0, 0, 0, 2, 0], [0, 3, 2, 2, 2, 2, 2, 2, 2, 2, 0], [0, 0, 0, 0, 0, 0, 0, 0, 0, 0, 0]]"
2026-05-29T19:11:55.911229,0,Stop,359.0,False,False,False,"[[0, 0, 0, 0, 0, 0, 0, 0, 0, 0, 0], [0, 2, 2, 2, 2, 1, 1, 1, 1, 1, 0], [0, 4, 0, 0, 0, 1, 0, 0, 0, 1, 0], [0, 2, 0, 1, 1, 1, 2, 5, 0, 1, 0], [0, 2, 2, 1, 0, 2, 0, 1, 1, 1, 0], [0, 0, 0, 1, 0, 2, 0, 2, 0, 0, 0], [0, 1, 1, 1, 2, 2, 2, 2, 2, 2, 0], [0, 1, 0, 2, 0, 0, 0, 4, 0, 2, 0], [0, 1, 0, 2, 0, 1, 0, 2, 0, 2, 0], [0, 1, 0, 2, 0, 1, 1, 2, 0, 2, 0], [0, 2, 0, 2, 0, 1, 1, 2, 0, 2, 0], [0, 2, 0, 2, 0, 1, 0, 2, 0, 2, 0], [0, 2, 0, 2, 0, 0, 0, 2, 0, 2, 0], [0, 2, 2, 2, 2, 2, 2, 2, 2, 2, 0], [0, 0, 0, 2, 0, 2, 0, 2, 0, 0, 0], [0, 2, 2, 2, 0, 2, 0, 2, 2, 2, 0], [0, 2, 0, 2, 2, 2, 2, 2, 0, 2, 0], [0, 2, 0, 0, 0, 2, 0, 0, 0, 2, 0], [0, 3, 2, 2, 2, 2, 2, 2, 2, 2, 0], [0, 0, 0, 0, 0, 0, 0, 0, 0, 0, 0]]"
2026-05-29T19:11:55.914600,0,Stop,358.0,False,False,False,"[[0, 0, 0, 0, 0, 0, 0, 0, 0, 0, 0], [0, 2, 2, 2, 2, 1, 1, 1, 1, 1, 0], [0, 2, 0, 0, 0, 1, 0, 0, 0, 1, 0], [0, 4, 0, 1, 1, 1, 2, 5, 0, 1, 0], [0, 2, 2, 1, 0, 2, 0, 1, 1, 1, 0], [0, 0, 0, 1, 0, 2, 0, 2, 0, 0, 0], [0, 1, 1, 1, 2, 2, 2, 4, 2, 2, 0], [0, 1, 0, 2, 0, 0, 0, 2, 0, 2, 0], [0, 1, 0, 2, 0, 1, 0, 2, 0, 2, 0], [0, 1, 0, 2, 0, 1, 1, 2, 0, 2, 0], [0, 2, 0, 2, 0, 1, 1, 2, 0, 2, 0], [0, 2, 0, 2, 0, 1, 0, 2, 0, 2, 0], [0, 2, 0, 2, 0, 0, 0, 2, 0, 2, 0], [0, 2, 2, 2, 2, 2, 2, 2, 2, 2, 0], [0, 0, 0, 2, 0, 2, 0, 2, 0, 0, 0], [0, 2, 2, 2, 0, 2, 0, 2, 2, 2, 0], [0, 2, 0, 2, 2, 2, 2, 2, 0, 2, 0], [0, 2, 0, 0, 0, 2, 0, 0, 0, 2, 0], [0, 3, 2, 2, 2, 2, 2, 2, 2, 2, 0], [0, 0, 0, 0, 0, 0, 0, 0, 0, 0, 0]]"
2026-05-29T19:11:55.917676,0,Stop,357.0,False,False,False,"[[0, 0, 0, 0, 0, 0, 0, 0, 0, 0, 0], [0, 2, 2, 2, 2, 1, 1, 1, 1, 1, 0], [0, 2, 0, 0, 0, 1, 0, 0, 0, 1, 0], [0, 4, 0, 1, 1, 1, 2, 5, 0, 1, 0], [0, 2, 2, 1, 0, 2, 0, 1, 1, 1, 0], [0, 0, 0, 1, 0, 2, 0, 4, 0, 0, 0], [0, 1, 1, 1, 2, 2, 2, 2, 2, 2, 0], [0, 1, 0, 2, 0, 0, 0, 2, 0, 2, 0], [0, 1, 0, 2, 0, 1, 0, 2, 0, 2, 0], [0, 1, 0, 2, 0, 1, 1, 2, 0, 2, 0], [0, 2, 0, 2, 0, 1, 1, 2, 0, 2, 0], [0, 2, 0, 2, 0, 1, 0, 2, 0, 2, 0], [0, 2, 0, 2, 0, 0, 0, 2, 0, 2, 0], [0, 2, 2, 2, 2, 2, 2, 2, 2, 2, 0], [0, 0, 0, 2, 0, 2, 0, 2, 0, 0, 0], [0, 2, 2, 2, 0, 2, 0, 2, 2, 2, 0], [0, 2, 0, 2, 2, 2, 2, 2, 0, 2, 0], [0, 2, 0, 0, 0, 2, 0, 0, 0, 2, 0], [0, 3, 2, 2, 2, 2, 2, 2, 2, 2, 0], [0, 0, 0, 0, 0, 0, 0, 0, 0, 0, 0]]"
2026-05-29T19:11:55.919837,0,South,356.0,False,False,False,"[[0, 0, 0, 0, 0, 0, 0, 0, 0, 0, 0], [0, 2, 2, 2, 2, 1, 1, 1, 1, 1, 0], [0, 2, 0, 0, 0, 1, 0, 0, 0, 1, 0], [0, 2, 0, 1, 1, 1, 2, 5, 0, 1, 0], [0, 4, 2, 1, 0, 2, 0, 4, 1, 1, 0], [0, 0, 0, 1, 0, 2, 0, 2, 0, 0, 0], [0, 1, 1, 1, 2, 2, 2, 2, 2, 2, 0], [0, 1, 0, 2, 0, 0, 0, 2, 0, 2, 0], [0, 1, 0, 2, 0, 1, 0, 2, 0, 2, 0], [0, 1, 0, 2, 0, 1, 1, 2, 0, 2, 0], [0, 2, 0, 2, 0, 1, 1, 2, 0, 2, 0], [0, 2, 0, 2, 0, 1, 0, 2, 0, 2, 0], [0, 2, 0, 2, 0, 0, 0, 2, 0, 2, 0], [0, 2, 2, 2, 2, 2, 2, 2, 2, 2, 0], [0, 0, 0, 2, 0, 2, 0, 2, 0, 0, 0], [0, 2, 2, 2, 0, 2, 0, 2, 2, 2, 0], [0, 2, 0, 2, 2, 2, 2, 2, 0, 2, 0], [0, 2, 0, 0, 0, 2, 0, 0, 0, 2, 0], [0, 3, 2, 2, 2, 2, 2, 2, 2, 2, 0], [0, 0, 0, 0, 0, 0, 0, 0, 0, 0, 0]]"
2026-05-29T19:11:55.921443,0,South,365.0,False,False,False,"[[0, 0, 0, 0, 0, 0, 0, 0, 0, 0, 0], [0, 2, 2, 2, 2, 1, 1, 1, 1, 1, 0], [0, 2, 0, 0, 0, 1, 0, 0, 0, 1, 0], [0, 2, 0, 1, 1, 1, 5, 4, 0, 1, 0], [0, 4, 2, 1, 0, 2, 0, 1, 1, 1, 0], [0, 0, 0, 1, 0, 2, 0, 2, 0, 0, 0], [0, 1, 1, 1, 2, 2, 2, 2, 2, 2, 0], [0, 1, 0, 2, 0, 0, 0, 2, 0, 2, 0], [0, 1, 0, 2, 0, 1, 0, 2, 0, 2, 0], [0, 1, 0, 2, 0, 1, 1, 2, 0, 2, 0], [0, 2, 0, 2, 0, 1, 1, 2, 0, 2, 0], [0, 2, 0, 2, 0, 1, 0, 2, 0, 2, 0], [0, 2, 0, 2, 0, 0, 0, 2, 0, 2, 0], [0, 2, 2, 2, 2, 2, 2, 2, 2, 2, 0], [0, 0, 0, 2, 0, 2, 0, 2, 0, 0, 0], [0, 2, 2, 2, 0, 2, 0, 2, 2, 2, 0], [0, 2, 0, 2, 2, 2, 2, 2, 0, 2, 0], [0, 2, 0, 0, 0, 2, 0, 0, 0, 2, 0], [0, 3, 2, 2, 2, 2, 2, 2, 2, 2, 0], [0, 0, 0, 0, 0, 0, 0, 0, 0, 0, 0]]"
2026-05-29T19:11:55.924121,0,East,364.0,False,False,False,"[[0, 0, 0, 0, 0, 0, 0, 0, 0, 0, 0], [0, 2, 2, 2, 2, 1, 1, 1, 1, 1, 0], [0, 2, 0, 0, 0, 1, 0, 0, 0, 1, 0], [0, 2, 0, 1, 1, 5, 4, 1, 0, 1, 0], [0, 2, 4, 1, 0, 2, 0, 1, 1, 1, 0], [0, 0, 0, 1, 0, 2, 0, 2, 0, 0, 0], [0, 1, 1, 1, 2, 2, 2, 2, 2, 2, 0], [0, 1, 0, 2, 0, 0, 0, 2, 0, 2, 0], [0, 1, 0, 2, 0, 1, 0, 2, 0, 2, 0], [0, 1, 0, 2, 0, 1, 1, 2, 0, 2, 0], [0, 2, 0, 2, 0, 1, 1, 2, 0, 2, 0], [0, 2, 0, 2, 0, 1, 0, 2, 0, 2, 0], [0, 2, 0, 2, 0, 0, 0, 2, 0, 2, 0], [0, 2, 2, 2, 2, 2, 2, 2, 2, 2, 0], [0, 0, 0, 2, 0, 2, 0, 2, 0, 0, 0], [0, 2, 2, 2, 0, 2, 0, 2, 2, 2, 0], [0, 2, 0, 2, 2, 2, 2, 2, 0, 2, 0], [0, 2, 0, 0, 0, 2, 0, 0, 0, 2, 0], [0, 3, 2, 2, 2, 2, 2, 2, 2, 2, 0], [0, 0, 0, 0, 0, 0, 0, 0, 0, 0, 0]]"
2026-05-29T19:11:55.927320,0,East,373.0,False,False,False,"[[0, 0, 0, 0, 0, 0, 0, 0, 0, 0, 0], [0, 2, 2, 2, 2, 1, 1, 1, 1, 1, 0], [0, 2, 0, 0, 0, 1, 0, 0, 0, 1, 0], [0, 2, 0, 1, 1, 4, 1, 1, 0, 1, 0], [0, 2, 4, 1, 0, 5, 0, 1, 1, 1, 0], [0, 0, 0, 1, 0, 2, 0, 2, 0, 0, 0], [0, 1, 1, 1, 2, 2, 2, 2, 2, 2, 0], [0, 1, 0, 2, 0, 0, 0, 2, 0, 2, 0], [0, 1, 0, 2, 0, 1, 0, 2, 0, 2, 0], [0, 1, 0, 2, 0, 1, 1, 2, 0, 2, 0], [0, 2, 0, 2, 0, 1, 1, 2, 0, 2, 0], [0, 2, 0, 2, 0, 1, 0, 2, 0, 2, 0], [0, 2, 0, 2, 0, 0, 0, 2, 0, 2, 0], [0, 2, 2, 2, 2, 2, 2, 2, 2, 2, 0], [0, 0, 0, 2, 0, 2, 0, 2, 0, 0, 0], [0, 2, 2, 2, 0, 2, 0, 2, 2, 2, 0], [0, 2, 0, 2, 2, 2, 2, 2, 0, 2, 0], [0, 2, 0, 0, 0, 2, 0, 0, 0, 2, 0], [0, 3, 2, 2, 2, 2, 2, 2, 2, 2, 0], [0, 0, 0, 0, 0, 0, 0, 0, 0, 0, 0]]"
2026-05-29T19:11:55.929840,0,East,382.0,False,False,False,"[[0, 0, 0, 0, 0, 0, 0, 0, 0, 0, 0], [0, 2, 2, 2, 2, 1, 1, 1, 1, 1, 0], [0, 2, 0, 0, 0, 1, 0, 0, 0, 1, 0], [0, 2, 0, 1, 1, 1, 1, 1, 0, 1, 0], [0, 2, 2, 4, 0, 4, 0, 1, 1, 1, 0], [0, 0, 0, 1, 0, 5, 0, 2, 0, 0, 0], [0, 1, 1, 1, 2, 2, 2, 2, 2, 2, 0], [0, 1, 0, 2, 0, 0, 0, 2, 0, 2, 0], [0, 1, 0, 2, 0, 1, 0, 2, 0, 2, 0], [0, 1, 0, 2, 0, 1, 1, 2, 0, 2, 0], [0, 2, 0, 2, 0, 1, 1, 2, 0, 2, 0], [0, 2, 0, 2, 0, 1, 0, 2, 0, 2, 0], [0, 2, 0, 2, 0, 0, 0, 2, 0, 2, 0], [0, 2, 2, 2, 2, 2, 2, 2, 2, 2, 0], [0, 0, 0, 2, 0, 2, 0, 2, 0, 0, 0], [0, 2, 2, 2, 0, 2, 0, 2, 2, 2, 0], [0, 2, 0, 2, 2, 2, 2, 2, 0, 2, 0], [0, 2, 0, 0, 0, 2, 0, 0, 0, 2, 0], [0, 3, 2, 2, 2, 2, 2, 2, 2, 2, 0], [0, 0, 0, 0, 0, 0, 0, 0, 0, 0, 0]]"
2026-05-29T19:11:55.932223,0,North,391.0,False,False,False,"[[0, 0, 0, 0, 0, 0, 0, 0, 0, 0, 0], [0, 2, 2, 2, 2, 1, 1, 1, 1, 1, 0], [0, 2, 0, 0, 0, 1, 0, 0, 0, 1, 0], [0, 2, 0, 4, 1, 1, 1, 1, 0, 1, 0], [0, 2, 2, 1, 0, 1, 0, 1, 1, 1, 0], [0, 0, 0, 1, 0, 4, 0, 2, 0, 0, 0], [0, 1, 1, 1, 2, 5, 2, 2, 2, 2, 0], [0, 1, 0, 2, 0, 0, 0, 2, 0, 2, 0], [0, 1, 0, 2, 0, 1, 0, 2, 0, 2, 0], [0, 1, 0, 2, 0, 1, 1, 2, 0, 2, 0], [0, 2, 0, 2, 0, 1, 1, 2, 0, 2, 0], [0, 2, 0, 2, 0, 1, 0, 2, 0, 2, 0], [0, 2, 0, 2, 0, 0, 0, 2, 0, 2, 0], [0, 2, 2, 2, 2, 2, 2, 2, 2, 2, 0], [0, 0, 0, 2, 0, 2, 0, 2, 0, 0, 0], [0, 2, 2, 2, 0, 2, 0, 2, 2, 2, 0], [0, 2, 0, 2, 2, 2, 2, 2, 0, 2, 0], [0, 2, 0, 0, 0, 2, 0, 0, 0, 2, 0], [0, 3, 2, 2, 2, 2, 2, 2, 2, 2, 0], [0, 0, 0, 0, 0, 0, 0, 0, 0, 0, 0]]"
2026-05-29T19:11:55.934577,0,North,400.0,False,False,False,"[[0, 0, 0, 0, 0, 0, 0, 0, 0, 0, 0], [0, 2, 2, 2, 2, 1, 1, 1, 1, 1, 0], [0, 2, 0, 0, 0, 1, 0, 0, 0, 1, 0], [0, 2, 0, 4, 1, 1, 1, 1, 0, 1, 0], [0, 2, 2, 1, 0, 1, 0, 1, 1, 1, 0], [0, 0, 0, 1, 0, 1, 0, 2, 0, 0, 0], [0, 1, 1, 1, 2, 4, 5, 2, 2, 2, 0], [0, 1, 0, 2, 0, 0, 0, 2, 0, 2, 0], [0, 1, 0, 2, 0, 1, 0, 2, 0, 2, 0], [0, 1, 0, 2, 0, 1, 1, 2, 0, 2, 0], [0, 2, 0, 2, 0, 1, 1, 2, 0, 2, 0], [0, 2, 0, 2, 0, 1, 0, 2, 0, 2, 0], [0, 2, 0, 2, 0, 0, 0, 2, 0, 2, 0], [0, 2, 2, 2, 2, 2, 2, 2, 2, 2, 0], [0, 0, 0, 2, 0, 2, 0, 2, 0, 0, 0], [0, 2, 2, 2, 0, 2, 0, 2, 2, 2, 0], [0, 2, 0, 2, 2, 2, 2, 2, 0, 2, 0], [0, 2, 0, 0, 0, 2, 0, 0, 0, 2, 0], [0, 3, 2, 2, 2, 2, 2, 2, 2, 2, 0], [0, 0, 0, 0, 0, 0, 0, 0, 0, 0, 0]]"
2026-05-29T19:11:55.940800,0,East,409.0,False,False,False,"[[0, 0, 0, 0, 0, 0, 0, 0, 0, 0, 0], [0, 2, 2, 2, 2, 1, 1, 1, 1, 1, 0], [0, 2, 0, 0, 0, 1, 0, 0, 0, 1, 0], [0, 2, 0, 4, 1, 1, 1, 1, 0, 1, 0], [0, 2, 2, 1, 0, 1, 0, 1, 1, 1, 0], [0, 0, 0, 1, 0, 1, 0, 2, 0, 0, 0], [0, 1, 1, 1, 2, 1, 4, 5, 2, 2, 0], [0, 1, 0, 2, 0, 0, 0, 2, 0, 2, 0], [0, 1, 0, 2, 0, 1, 0, 2, 0, 2, 0], [0, 1, 0, 2, 0, 1, 1, 2, 0, 2, 0], [0, 2, 0, 2, 0, 1, 1, 2, 0, 2, 0], [0, 2, 0, 2, 0, 1, 0, 2, 0, 2, 0], [0, 2, 0, 2, 0, 0, 0, 2, 0, 2, 0], [0, 2, 2, 2, 2, 2, 2, 2, 2, 2, 0], [0, 0, 0, 2, 0, 2, 0, 2, 0, 0, 0], [0, 2, 2, 2, 0, 2, 0, 2, 2, 2, 0], [0, 2, 0, 2, 2, 2, 2, 2, 0, 2, 0], [0, 2, 0, 0, 0, 2, 0, 0, 0, 2, 0], [0, 3, 2, 2, 2, 2, 2, 2, 2, 2, 0], [0, 0, 0, 0, 0, 0, 0, 0, 0, 0, 0]]"
2026-05-29T19:11:55.948557,0,East,418.0,False,False,False,"[[0, 0, 0, 0, 0, 0, 0, 0, 0, 0, 0], [0, 2, 2, 2, 2, 1, 1, 1, 1, 1, 0], [0, 2, 0, 0, 0, 1, 0, 0, 0, 1, 0], [0, 2, 0, 1, 4, 1, 1, 1, 0, 1, 0], [0, 2, 2, 1, 0, 1, 0, 1, 1, 1, 0], [0, 0, 0, 1, 0, 1, 0, 2, 0, 0, 0], [0, 1, 1, 1, 2, 1, 1, 4, 2, 2, 0], [0, 1, 0, 2, 0, 0, 0, 5, 0, 2, 0], [0, 1, 0, 2, 0, 1, 0, 2, 0, 2, 0], [0, 1, 0, 2, 0, 1, 1, 2, 0, 2, 0], [0, 2, 0, 2, 0, 1, 1, 2, 0, 2, 0], [0, 2, 0, 2, 0, 1, 0, 2, 0, 2, 0], [0, 2, 0, 2, 0, 0, 0, 2, 0, 2, 0], [0, 2, 2, 2, 2, 2, 2, 2, 2, 2, 0], [0, 0, 0, 2, 0, 2, 0, 2, 0, 0, 0], [0, 2, 2, 2, 0, 2, 0, 2, 2, 2, 0], [0, 2, 0, 2, 2, 2, 2, 2, 0, 2, 0], [0, 2, 0, 0, 0, 2, 0, 0, 0, 2, 0], [0, 3, 2, 2, 2, 2, 2, 2, 2, 2, 0], [0, 0, 0, 0, 0, 0, 0, 0, 0, 0, 0]]"
2026-05-29T19:11:55.952928,0,East,427.0,False,False,False,"[[0, 0, 0, 0, 0, 0, 0, 0, 0, 0, 0], [0, 2, 2, 2, 2, 1, 1, 1, 1, 1, 0], [0, 2, 0, 0, 0, 1, 0, 0, 0, 1, 0], [0, 2, 0, 1, 4, 1, 1, 1, 0, 1, 0], [0, 2, 2, 1, 0, 1, 0, 1, 1, 1, 0], [0, 0, 0, 1, 0, 1, 0, 2, 0, 0, 0], [0, 1, 1, 1, 2, 1, 1, 1, 2, 2, 0], [0, 1, 0, 2, 0, 0, 0, 4, 0, 2, 0], [0, 1, 0, 2, 0, 1, 0, 5, 0, 2, 0], [0, 1, 0, 2, 0, 1, 1, 2, 0, 2, 0], [0, 2, 0, 2, 0, 1, 1, 2, 0, 2, 0], [0, 2, 0, 2, 0, 1, 0, 2, 0, 2, 0], [0, 2, 0, 2, 0, 0, 0, 2, 0, 2, 0], [0, 2, 2, 2, 2, 2, 2, 2, 2, 2, 0], [0, 0, 0, 2, 0, 2, 0, 2, 0, 0, 0], [0, 2, 2, 2, 0, 2, 0, 2, 2, 2, 0], [0, 2, 0, 2, 2, 2, 2, 2, 0, 2, 0], [0, 2, 0, 0, 0, 2, 0, 0, 0, 2, 0], [0, 3, 2, 2, 2, 2, 2, 2, 2, 2, 0], [0, 0, 0, 0, 0, 0, 0, 0, 0, 0, 0]]"
2026-05-29T19:11:55.960030,0,East,436.0,False,False,False,"[[0, 0, 0, 0, 0, 0, 0, 0, 0, 0, 0], [0, 2, 2, 2, 2, 1, 1, 1, 1, 1, 0], [0, 2, 0, 0, 0, 1, 0, 0, 0, 1, 0], [0, 2, 0, 1, 1, 4, 1, 1, 0, 1, 0], [0, 2, 2, 1, 0, 1, 0, 1, 1, 1, 0], [0, 0, 0, 1, 0, 1, 0, 2, 0, 0, 0], [0, 1, 1, 1, 2, 1, 1, 1, 2, 2, 0], [0, 1, 0, 2, 0, 0, 0, 1, 0, 2, 0], [0, 1, 0, 2, 0, 1, 0, 4, 0, 2, 0], [0, 1, 0, 2, 0, 1, 1, 5, 0, 2, 0], [0, 2, 0, 2, 0, 1, 1, 2, 0, 2, 0], [0, 2, 0, 2, 0, 1, 0, 2, 0, 2, 0], [0, 2, 0, 2, 0, 0, 0, 2, 0, 2, 0], [0, 2, 2, 2, 2, 2, 2, 2, 2, 2, 0], [0, 0, 0, 2, 0, 2, 0, 2, 0, 0, 0], [0, 2, 2, 2, 0, 2, 0, 2, 2, 2, 0], [0, 2, 0, 2, 2, 2, 2, 2, 0, 2, 0], [0, 2, 0, 0, 0, 2, 0, 0, 0, 2, 0], [0, 3, 2, 2, 2, 2, 2, 2, 2, 2, 0], [0, 0, 0, 0, 0, 0, 0, 0, 0, 0, 0]]"
2026-05-29T19:11:55.968519,0,East,445.0,False,False,False,"[[0, 0, 0, 0, 0, 0, 0, 0, 0, 0, 0], [0, 2, 2, 2, 2, 1, 1, 1, 1, 1, 0], [0, 2, 0, 0, 0, 4, 0, 0, 0, 1, 0], [0, 2, 0, 1, 1, 1, 1, 1, 0, 1, 0], [0, 2, 2, 1, 0, 1, 0, 1, 1, 1, 0], [0, 0, 0, 1, 0, 1, 0, 2, 0, 0, 0], [0, 1, 1, 1, 2, 1, 1, 1, 2, 2, 0], [0, 1, 0, 2, 0, 0, 0, 1, 0, 2, 0], [0, 1, 0, 2, 0, 1, 0, 1, 0, 2, 0], [0, 1, 0, 2, 0, 1, 1, 4, 0, 2, 0], [0, 2, 0, 2, 0, 1, 1, 5, 0, 2, 0], [0, 2, 0, 2, 0, 1, 0, 2, 0, 2, 0], [0, 2, 0, 2, 0, 0, 0, 2, 0, 2, 0], [0, 2, 2, 2, 2, 2, 2, 2, 2, 2, 0], [0, 0, 0, 2, 0, 2, 0, 2, 0, 0, 0], [0, 2, 2, 2, 0, 2, 0, 2, 2, 2, 0], [0, 2, 0, 2, 2, 2, 2, 2, 0, 2, 0], [0, 2, 0, 0, 0, 2, 0, 0, 0, 2, 0], [0, 3, 2, 2, 2, 2, 2, 2, 2, 2, 0], [0, 0, 0, 0, 0, 0, 0, 0, 0, 0, 0]]"
2026-05-29T19:11:55.983281,0,East,454.0,False,False,False,"[[0, 0, 0, 0, 0, 0, 0, 0, 0, 0, 0], [0, 2, 2, 2, 2, 1, 1, 1, 1, 1, 0], [0, 2, 0, 0, 0, 4, 0, 0, 0, 1, 0], [0, 2, 0, 1, 1, 1, 1, 1, 0, 1, 0], [0, 2, 2, 1, 0, 1, 0, 1, 1, 1, 0], [0, 0, 0, 1, 0, 1, 0, 2, 0, 0, 0], [0, 1, 1, 1, 2, 1, 1, 1, 2, 2, 0], [0, 1, 0, 2, 0, 0, 0, 1, 0, 2, 0], [0, 1, 0, 2, 0, 1, 0, 1, 0, 2, 0], [0, 1, 0, 2, 0, 1, 4, 1, 0, 2, 0], [0, 2, 0, 2, 0, 1, 1, 1, 0, 2, 0], [0, 2, 0, 2, 0, 1, 0, 5, 0, 2, 0], [0, 2, 0, 2, 0, 0, 0, 2, 0, 2, 0], [0, 2, 2, 2, 2, 2, 2, 2, 2, 2, 0], [0, 0, 0, 2, 0, 2, 0, 2, 0, 0, 0], [0, 2, 2, 2, 0, 2, 0, 2, 2, 2, 0], [0, 2, 0, 2, 2, 2, 2, 2, 0, 2, 0], [0, 2, 0, 0, 0, 2, 0, 0, 0, 2, 0], [0, 3, 2, 2, 2, 2, 2, 2, 2, 2, 0], [0, 0, 0, 0, 0, 0, 0, 0, 0, 0, 0]]"
2026-05-29T19:11:55.998633,0,East,463.0,False,False,False,"[[0, 0, 0, 0, 0, 0, 0, 0, 0, 0, 0], [0, 2, 2, 2, 2, 4, 1, 1, 1, 1, 0], [0, 2, 0, 0, 0, 1, 0, 0, 0, 1, 0], [0, 2, 0, 1, 1, 1, 1, 1, 0, 1, 0], [0, 2, 2, 1, 0, 1, 0, 1, 1, 1, 0], [0, 0, 0, 1, 0, 1, 0, 2, 0, 0, 0], [0, 1, 1, 1, 2, 1, 1, 1, 2, 2, 0], [0, 1, 0, 2, 0, 0, 0, 1, 0, 2, 0], [0, 1, 0, 2, 0, 1, 0, 1, 0, 2, 0], [0, 1, 0, 2, 0, 1, 1, 1, 0, 2, 0], [0, 2, 0, 2, 0, 1, 4, 1, 0, 2, 0], [0, 2, 0, 2, 0, 1, 0, 1, 0, 2, 0], [0, 2, 0, 2, 0, 0, 0, 5, 0, 2, 0], [0, 2, 2, 2, 2, 2, 2, 2, 2, 2, 0], [0, 0, 0, 2, 0, 2, 0, 2, 0, 0, 0], [0, 2, 2, 2, 0, 2, 0, 2, 2, 2, 0], [0, 2, 0, 2, 2, 2, 2, 2, 0, 2, 0], [0, 2, 0, 0, 0, 2, 0, 0, 0, 2, 0], [0, 3, 2, 2, 2, 2, 2, 2, 2, 2, 0], [0, 0, 0, 0, 0, 0, 0, 0, 0, 0, 0]]"
2026-05-29T19:11:56.022769,0,East,472.0,False,False,False,"[[0, 0, 0, 0, 0, 0, 0, 0, 0, 0, 0], [0, 2, 2, 2, 2, 4, 1, 1, 1, 1, 0], [0, 2, 0, 0, 0, 1, 0, 0, 0, 1, 0], [0, 2, 0, 1, 1, 1, 1, 1, 0, 1, 0], [0, 2, 2, 1, 0, 1, 0, 1, 1, 1, 0], [0, 0, 0, 1, 0, 1, 0, 2, 0, 0, 0], [0, 1, 1, 1, 2, 1, 1, 1, 2, 2, 0], [0, 1, 0, 2, 0, 0, 0, 1, 0, 2, 0], [0, 1, 0, 2, 0, 1, 0, 1, 0, 2, 0], [0, 1, 0, 2, 0, 1, 1, 1, 0, 2, 0], [0, 2, 0, 2, 0, 1, 1, 4, 0, 2, 0], [0, 2, 0, 2, 0, 1, 0, 1, 0, 2, 0], [0, 2, 0, 2, 0, 0, 0, 1, 0, 2, 0], [0, 2, 2, 2, 2, 2, 2, 5, 2, 2, 0], [0, 0, 0, 2, 0, 2, 0, 2, 0, 0, 0], [0, 2, 2, 2, 0, 2, 0, 2, 2, 2, 0], [0, 2, 0, 2, 2, 2, 2, 2, 0, 2, 0], [0, 2, 0, 0, 0, 2, 0, 0, 0, 2, 0], [0, 3, 2, 2, 2, 2, 2, 2, 2, 2, 0], [0, 0, 0, 0, 0, 0, 0, 0, 0, 0, 0]]"
2026-05-29T19:11:56.028162,0,East,481.0,False,False,False,"[[0, 0, 0, 0, 0, 0, 0, 0, 0, 0, 0], [0, 2, 2, 2, 2, 4, 1, 1, 1, 1, 0], [0, 2, 0, 0, 0, 1, 0, 0, 0, 1, 0], [0, 2, 0, 1, 1, 1, 1, 1, 0, 1, 0], [0, 2, 2, 1, 0, 1, 0, 1, 1, 1, 0], [0, 0, 0, 1, 0, 1, 0, 2, 0, 0, 0], [0, 1, 1, 1, 2, 1, 1, 1, 2, 2, 0], [0, 1, 0, 2, 0, 0, 0, 1, 0, 2, 0], [0, 1, 0, 2, 0, 1, 0, 1, 0, 2, 0], [0, 1, 0, 2, 0, 1, 1, 1, 0, 2, 0], [0, 2, 0, 2, 0, 1, 1, 1, 0, 2, 0], [0, 2, 0, 2, 0, 1, 0, 4, 0, 2, 0], [0, 2, 0, 2, 0, 0, 0, 1, 0, 2, 0], [0, 2, 2, 2, 2, 2, 2, 1, 2, 2, 0], [0, 0, 0, 2, 0, 2, 0, 5, 0, 0, 0], [0, 2, 2, 2, 0, 2, 0, 2, 2, 2, 0], [0, 2, 0, 2, 2, 2, 2, 2, 0, 2, 0], [0, 2, 0, 0, 0, 2, 0, 0, 0, 2, 0], [0, 3, 2, 2, 2, 2, 2, 2, 2, 2, 0], [0, 0, 0, 0, 0, 0, 0, 0, 0, 0, 0]]"
2026-05-29T19:11:56.032917,0,East,490.0,False,False,False,"[[0, 0, 0, 0, 0, 0, 0, 0, 0, 0, 0], [0, 2, 2, 2, 2, 1, 4, 1, 1, 1, 0], [0, 2, 0, 0, 0, 1, 0, 0, 0, 1, 0], [0, 2, 0, 1, 1, 1, 1, 1, 0, 1, 0], [0, 2, 2, 1, 0, 1, 0, 1, 1, 1, 0], [0, 0, 0, 1, 0, 1, 0, 2, 0, 0, 0], [0, 1, 1, 1, 2, 1, 1, 1, 2, 2, 0], [0, 1, 0, 2, 0, 0, 0, 1, 0, 2, 0], [0, 1, 0, 2, 0, 1, 0, 1, 0, 2, 0], [0, 1, 0, 2, 0, 1, 1, 1, 0, 2, 0], [0, 2, 0, 2, 0, 1, 1, 1, 0, 2, 0], [0, 2, 0, 2, 0, 1, 0, 1, 0, 2, 0], [0, 2, 0, 2, 0, 0, 0, 4, 0, 2, 0], [0, 2, 2, 2, 2, 2, 2, 1, 2, 2, 0], [0, 0, 0, 2, 0, 2, 0, 1, 0, 0, 0], [0, 2, 2, 2, 0, 2, 0, 5, 2, 2, 0], [0, 2, 0, 2, 2, 2, 2, 2, 0, 2, 0], [0, 2, 0, 0, 0, 2, 0, 0, 0, 2, 0], [0, 3, 2, 2, 2, 2, 2, 2, 2, 2, 0], [0, 0, 0, 0, 0, 0, 0, 0, 0, 0, 0]]"
2026-05-29T19:11:56.039515,0,South,499.0,False,False,False,"[[0, 0, 0, 0, 0, 0, 0, 0, 0, 0, 0], [0, 2, 2, 2, 2, 1, 4, 1, 1, 1, 0], [0, 2, 0, 0, 0, 1, 0, 0, 0, 1, 0], [0, 2, 0, 1, 1, 1, 1, 1, 0, 1, 0], [0, 2, 2, 1, 0, 1, 0, 1, 1, 1, 0], [0, 0, 0, 1, 0, 1, 0, 2, 0, 0, 0], [0, 1, 1, 1, 2, 1, 1, 1, 2, 2, 0], [0, 1, 0, 2, 0, 0, 0, 1, 0, 2, 0], [0, 1, 0, 2, 0, 1, 0, 1, 0, 2, 0], [0, 1, 0, 2, 0, 1, 1, 1, 0, 2, 0], [0, 2, 0, 2, 0, 1, 1, 1, 0, 2, 0], [0, 2, 0, 2, 0, 1, 0, 1, 0, 2, 0], [0, 2, 0, 2, 0, 0, 0, 1, 0, 2, 0], [0, 2, 2, 2, 2, 2, 2, 4, 2, 2, 0], [0, 0, 0, 2, 0, 2, 0, 1, 0, 0, 0], [0, 2, 2, 2, 0, 2, 0, 1, 2, 2, 0], [0, 2, 0, 2, 2, 2, 2, 5, 0, 2, 0], [0, 2, 0, 0, 0, 2, 0, 0, 0, 2, 0], [0, 3, 2, 2, 2, 2, 2, 2, 2, 2, 0], [0, 0, 0, 0, 0, 0, 0, 0, 0, 0, 0]]"
2026-05-29T19:11:56.043937,0,South,508.0,False,False,False,"[[0, 0, 0, 0, 0, 0, 0, 0, 0, 0, 0], [0, 2, 2, 2, 2, 1, 1, 4, 1, 1, 0], [0, 2, 0, 0, 0, 1, 0, 0, 0, 1, 0], [0, 2, 0, 1, 1, 1, 1, 1, 0, 1, 0], [0, 2, 2, 1, 0, 1, 0, 1, 1, 1, 0], [0, 0, 0, 1, 0, 1, 0, 2, 0, 0, 0], [0, 1, 1, 1, 2, 1, 1, 1, 2, 2, 0], [0, 1, 0, 2, 0, 0, 0, 1, 0, 2, 0], [0, 1, 0, 2, 0, 1, 0, 1, 0, 2, 0], [0, 1, 0, 2, 0, 1, 1, 1, 0, 2, 0], [0, 2, 0, 2, 0, 1, 1, 1, 0, 2, 0], [0, 2, 0, 2, 0, 1, 0, 1, 0, 2, 0], [0, 2, 0, 2, 0, 0, 0, 1, 0, 2, 0], [0, 2, 2, 2, 2, 2, 4, 1, 2, 2, 0], [0, 0, 0, 2, 0, 2, 0, 1, 0, 0, 0], [0, 2, 2, 2, 0, 2, 0, 1, 2, 2, 0], [0, 2, 0, 2, 2, 2, 5, 1, 0, 2, 0], [0, 2, 0, 0, 0, 2, 0, 0, 0, 2, 0], [0, 3, 2, 2, 2, 2, 2, 2, 2, 2, 0], [0, 0, 0, 0, 0, 0, 0, 0, 0, 0, 0]]"
2026-05-29T19:11:56.051755,0,East,517.0,False,False,False,"[[0, 0, 0, 0, 0, 0, 0, 0, 0, 0, 0], [0, 2, 2, 2, 2, 1, 1, 4, 1, 1, 0], [0, 2, 0, 0, 0, 1, 0, 0, 0, 1, 0], [0, 2, 0, 1, 1, 1, 1, 1, 0, 1, 0], [0, 2, 2, 1, 0, 1, 0, 1, 1, 1, 0], [0, 0, 0, 1, 0, 1, 0, 2, 0, 0, 0], [0, 1, 1, 1, 2, 1, 1, 1, 2, 2, 0], [0, 1, 0, 2, 0, 0, 0, 1, 0, 2, 0], [0, 1, 0, 2, 0, 1, 0, 1, 0, 2, 0], [0, 1, 0, 2, 0, 1, 1, 1, 0, 2, 0], [0, 2, 0, 2, 0, 1, 1, 1, 0, 2, 0], [0, 2, 0, 2, 0, 1, 0, 1, 0, 2, 0], [0, 2, 0, 2, 0, 0, 0, 1, 0, 2, 0], [0, 2, 2, 2, 2, 4, 2, 1, 2, 2, 0], [0, 0, 0, 2, 0, 2, 0, 1, 0, 0, 0], [0, 2, 2, 2, 0, 2, 0, 1, 2, 2, 0], [0, 2, 0, 2, 2, 5, 1, 1, 0, 2, 0], [0, 2, 0, 0, 0, 2, 0, 0, 0, 2, 0], [0, 3, 2, 2, 2, 2, 2, 2, 2, 2, 0], [0, 0, 0, 0, 0, 0, 0, 0, 0, 0, 0]]"
2026-05-29T19:11:56.055368,0,East,526.0,False,False,False,"[[0, 0, 0, 0, 0, 0, 0, 0, 0, 0, 0], [0, 2, 2, 2, 2, 1, 1, 1, 4, 1, 0], [0, 2, 0, 0, 0, 1, 0, 0, 0, 1, 0], [0, 2, 0, 1, 1, 1, 1, 1, 0, 1, 0], [0, 2, 2, 1, 0, 1, 0, 1, 1, 1, 0], [0, 0, 0, 1, 0, 1, 0, 2, 0, 0, 0], [0, 1, 1, 1, 2, 1, 1, 1, 2, 2, 0], [0, 1, 0, 2, 0, 0, 0, 1, 0, 2, 0], [0, 1, 0, 2, 0, 1, 0, 1, 0, 2, 0], [0, 1, 0, 2, 0, 1, 1, 1, 0, 2, 0], [0, 2, 0, 2, 0, 1, 1, 1, 0, 2, 0], [0, 2, 0, 2, 0, 1, 0, 1, 0, 2, 0], [0, 2, 0, 2, 0, 0, 0, 1, 0, 2, 0], [0, 2, 2, 2, 2, 2, 2, 1, 2, 2, 0], [0, 0, 0, 2, 0, 4, 0, 1, 0, 0, 0], [0, 2, 2, 2, 0, 2, 0, 1, 2, 2, 0], [0, 2, 0, 2, 2, 1, 1, 1, 0, 2, 0], [0, 2, 0, 0, 0, 5, 0, 0, 0, 2, 0], [0, 3, 2, 2, 2, 2, 2, 2, 2, 2, 0], [0, 0, 0, 0, 0, 0, 0, 0, 0, 0, 0]]"
2026-05-29T19:11:56.058421,0,North,535.0,False,False,False,"[[0, 0, 0, 0, 0, 0, 0, 0, 0, 0, 0], [0, 2, 2, 2, 2, 1, 1, 1, 4, 1, 0], [0, 2, 0, 0, 0, 1, 0, 0, 0, 1, 0], [0, 2, 0, 1, 1, 1, 1, 1, 0, 1, 0], [0, 2, 2, 1, 0, 1, 0, 1, 1, 1, 0], [0, 0, 0, 1, 0, 1, 0, 2, 0, 0, 0], [0, 1, 1, 1, 2, 1, 1, 1, 2, 2, 0], [0, 1, 0, 2, 0, 0, 0, 1, 0, 2, 0], [0, 1, 0, 2, 0, 1, 0, 1, 0, 2, 0], [0, 1, 0, 2, 0, 1, 1, 1, 0, 2, 0], [0, 2, 0, 2, 0, 1, 1, 1, 0, 2, 0], [0, 2, 0, 2, 0, 1, 0, 1, 0, 2, 0], [0, 2, 0, 2, 0, 0, 0, 1, 0, 2, 0], [0, 2, 2, 2, 2, 2, 2, 1, 2, 2, 0], [0, 0, 0, 2, 0, 2, 0, 1, 0, 0, 0], [0, 2, 2, 2, 0, 4, 0, 1, 2, 2, 0], [0, 2, 0, 2, 2, 1, 1, 1, 0, 2, 0], [0, 2, 0, 0, 0, 1, 0, 0, 0, 2, 0], [0, 3, 2, 2, 2, 5, 2, 2, 2, 2, 0], [0, 0, 0, 0, 0, 0, 0, 0, 0, 0, 0]]"
2026-05-29T19:11:56.063715,0,North,544.0,False,False,False,"[[0, 0, 0, 0, 0, 0, 0, 0, 0, 0, 0], [0, 2, 2, 2, 2, 1, 1, 1, 1, 4, 0], [0, 2, 0, 0, 0, 1, 0, 0, 0, 1, 0], [0, 2, 0, 1, 1, 1, 1, 1, 0, 1, 0], [0, 2, 2, 1, 0, 1, 0, 1, 1, 1, 0], [0, 0, 0, 1, 0, 1, 0, 2, 0, 0, 0], [0, 1, 1, 1, 2, 1, 1, 1, 2, 2, 0], [0, 1, 0, 2, 0, 0, 0, 1, 0, 2, 0], [0, 1, 0, 2, 0, 1, 0, 1, 0, 2, 0], [0, 1, 0, 2, 0, 1, 1, 1, 0, 2, 0], [0, 2, 0, 2, 0, 1, 1, 1, 0, 2, 0], [0, 2, 0, 2, 0, 1, 0, 1, 0, 2, 0], [0, 2, 0, 2, 0, 0, 0, 1, 0, 2, 0], [0, 2, 2, 2, 2, 2, 2, 1, 2, 2, 0], [0, 0, 0, 2, 0, 2, 0, 1, 0, 0, 0], [0, 2, 2, 2, 0, 2, 0, 1, 2, 2, 0], [0, 2, 0, 2, 2, 4, 1, 1, 0, 2, 0], [0, 2, 0, 0, 0, 1, 0, 0, 0, 2, 0], [0, 3, 2, 2, 2, 1, 5, 2, 2, 2, 0], [0, 0, 0, 0, 0, 0, 0, 0, 0, 0, 0]]"
2026-05-29T19:11:56.066454,0,North,553.0,False,False,False,"[[0, 0, 0, 0, 0, 0, 0, 0, 0, 0, 0], [0, 2, 2, 2, 2, 1, 1, 1, 1, 4, 0], [0, 2, 0, 0, 0, 1, 0, 0, 0, 1, 0], [0, 2, 0, 1, 1, 1, 1, 1, 0, 1, 0], [0, 2, 2, 1, 0, 1, 0, 1, 1, 1, 0], [0, 0, 0, 1, 0, 1, 0, 2, 0, 0, 0], [0, 1, 1, 1, 2, 1, 1, 1, 2, 2, 0], [0, 1, 0, 2, 0, 0, 0, 1, 0, 2, 0], [0, 1, 0, 2, 0, 1, 0, 1, 0, 2, 0], [0, 1, 0, 2, 0, 1, 1, 1, 0, 2, 0], [0, 2, 0, 2, 0, 1, 1, 1, 0, 2, 0], [0, 2, 0, 2, 0, 1, 0, 1, 0, 2, 0], [0, 2, 0, 2, 0, 0, 0, 1, 0, 2, 0], [0, 2, 2, 2, 2, 2, 2, 1, 2, 2, 0], [0, 0, 0, 2, 0, 2, 0, 1, 0, 0, 0], [0, 2, 2, 2, 0, 2, 0, 1, 2, 2, 0], [0, 2, 0, 2, 2, 1, 1, 1, 0, 2, 0], [0, 2, 0, 0, 0, 4, 0, 0, 0, 2, 0], [0, 3, 2, 2, 2, 1, 1, 5, 2, 2, 0], [0, 0, 0, 0, 0, 0, 0, 0, 0, 0, 0]]"
2026-05-29T19:11:56.069261,0,North,562.0,False,False,False,"[[0, 0, 0, 0, 0, 0, 0, 0, 0, 0, 0], [0, 2, 2, 2, 2, 1, 1, 1, 1, 1, 0], [0, 2, 0, 0, 0, 1, 0, 0, 0, 4, 0], [0, 2, 0, 1, 1, 1, 1, 1, 0, 1, 0], [0, 2, 2, 1, 0, 1, 0, 1, 1, 1, 0], [0, 0, 0, 1, 0, 1, 0, 2, 0, 0, 0], [0, 1, 1, 1, 2, 1, 1, 1, 2, 2, 0], [0, 1, 0, 2, 0, 0, 0, 1, 0, 2, 0], [0, 1, 0, 2, 0, 1, 0, 1, 0, 2, 0], [0, 1, 0, 2, 0, 1, 1, 1, 0, 2, 0], [0, 2, 0, 2, 0, 1, 1, 1, 0, 2, 0], [0, 2, 0, 2, 0, 1, 0, 1, 0, 2, 0], [0, 2, 0, 2, 0, 0, 0, 1, 0, 2, 0], [0, 2, 2, 2, 2, 2, 2, 1, 2, 2, 0], [0, 0, 0, 2, 0, 2, 0, 1, 0, 0, 0], [0, 2, 2, 2, 0, 2, 0, 1, 2, 2, 0], [0, 2, 0, 2, 2, 1, 1, 1, 0, 2, 0], [0, 2, 0, 0, 0, 1, 0, 0, 0, 2, 0], [0, 3, 2, 2, 2, 4, 1, 1, 5, 2, 0], [0, 0, 0, 0, 0, 0, 0, 0, 0, 0, 0]]"
2026-05-29T19:11:56.071318,0,West,571.0,False,False,False,"[[0, 0, 0, 0, 0, 0, 0, 0, 0, 0, 0], [0, 2, 2, 2, 2, 1, 1, 1, 1, 1, 0], [0, 2, 0, 0, 0, 1, 0, 0, 0, 4, 0], [0, 2, 0, 1, 1, 1, 1, 1, 0, 1, 0], [0, 2, 2, 1, 0, 1, 0, 1, 1, 1, 0], [0, 0, 0, 1, 0, 1, 0, 2, 0, 0, 0], [0, 1, 1, 1, 2, 1, 1, 1, 2, 2, 0], [0, 1, 0, 2, 0, 0, 0, 1, 0, 2, 0], [0, 1, 0, 2, 0, 1, 0, 1, 0, 2, 0], [0, 1, 0, 2, 0, 1, 1, 1, 0, 2, 0], [0, 2, 0, 2, 0, 1, 1, 1, 0, 2, 0], [0, 2, 0, 2, 0, 1, 0, 1, 0, 2, 0], [0, 2, 0, 2, 0, 0, 0, 1, 0, 2, 0], [0, 2, 2, 2, 2, 2, 2, 1, 2, 2, 0], [0, 0, 0, 2, 0, 2, 0, 1, 0, 0, 0], [0, 2, 2, 2, 0, 2, 0, 1, 2, 2, 0], [0, 2, 0, 2, 2, 1, 1, 1, 0, 2, 0], [0, 2, 0, 0, 0, 1, 0, 0, 0, 2, 0], [0, 3, 2, 2, 2, 1, 4, 1, 1, 5, 0], [0, 0, 0, 0, 0, 0, 0, 0, 0, 0, 0]]"
2026-05-29T19:11:56.073416,0,West,580.0,False,False,False,"[[0, 0, 0, 0, 0, 0, 0, 0, 0, 0, 0], [0, 2, 2, 2, 2, 1, 1, 1, 1, 1, 0], [0, 2, 0, 0, 0, 1, 0, 0, 0, 1, 0], [0, 2, 0, 1, 1, 1, 1, 1, 0, 4, 0], [0, 2, 2, 1, 0, 1, 0, 1, 1, 1, 0], [0, 0, 0, 1, 0, 1, 0, 2, 0, 0, 0], [0, 1, 1, 1, 2, 1, 1, 1, 2, 2, 0], [0, 1, 0, 2, 0, 0, 0, 1, 0, 2, 0], [0, 1, 0, 2, 0, 1, 0, 1, 0, 2, 0], [0, 1, 0, 2, 0, 1, 1, 1, 0, 2, 0], [0, 2, 0, 2, 0, 1, 1, 1, 0, 2, 0], [0, 2, 0, 2, 0, 1, 0, 1, 0, 2, 0], [0, 2, 0, 2, 0, 0, 0, 1, 0, 2, 0], [0, 2, 2, 2, 2, 2, 2, 1, 2, 2, 0], [0, 0, 0, 2, 0, 2, 0, 1, 0, 0, 0], [0, 2, 2, 2, 0, 2, 0, 1, 2, 2, 0], [0, 2, 0, 2, 2, 1, 1, 1, 0, 2, 0], [0, 2, 0, 0, 0, 1, 0, 0, 0, 5, 0], [0, 3, 2, 2, 2, 1, 1, 4, 1, 1, 0], [0, 0, 0, 0, 0, 0, 0, 0, 0, 0, 0]]"
2026-05-29T19:11:56.076214,0,West,589.0,False,False,False,"[[0, 0, 0, 0, 0, 0, 0, 0, 0, 0, 0], [0, 2, 2, 2, 2, 1, 1, 1, 1, 1, 0], [0, 2, 0, 0, 0, 1, 0, 0, 0, 1, 0], [0, 2, 0, 1, 1, 1, 1, 1, 0, 4, 0], [0, 2, 2, 1, 0, 1, 0, 1, 1, 1, 0], [0, 0, 0, 1, 0, 1, 0, 2, 0, 0, 0], [0, 1, 1, 1, 2, 1, 1, 1, 2, 2, 0], [0, 1, 0, 2, 0, 0, 0, 1, 0, 2, 0], [0, 1, 0, 2, 0, 1, 0, 1, 0, 2, 0], [0, 1, 0, 2, 0, 1, 1, 1, 0, 2, 0], [0, 2, 0, 2, 0, 1, 1, 1, 0, 2, 0], [0, 2, 0, 2, 0, 1, 0, 1, 0, 2, 0], [0, 2, 0, 2, 0, 0, 0, 1, 0, 2, 0], [0, 2, 2, 2, 2, 2, 2, 1, 2, 2, 0], [0, 0, 0, 2, 0, 2, 0, 1, 0, 0, 0], [0, 2, 2, 2, 0, 2, 0, 1, 2, 2, 0], [0, 2, 0, 2, 2, 1, 1, 1, 0, 5, 0], [0, 2, 0, 0, 0, 1, 0, 0, 0, 1, 0], [0, 3, 2, 2, 2, 1, 1, 1, 4, 1, 0], [0, 0, 0, 0, 0, 0, 0, 0, 0, 0, 0]]"
2026-05-29T19:11:56.078647,0,Stop,598.0,False,False,False,"[[0, 0, 0, 0, 0, 0, 0, 0, 0, 0, 0], [0, 2, 2, 2, 2, 1, 1, 1, 1, 1, 0], [0, 2, 0, 0, 0, 1, 0, 0, 0, 1, 0], [0, 2, 0, 1, 1, 1, 1, 1, 0, 1, 0], [0, 2, 2, 1, 0, 1, 0, 1, 1, 4, 0], [0, 0, 0, 1, 0, 1, 0, 2, 0, 0, 0], [0, 1, 1, 1, 2, 1, 1, 1, 2, 2, 0], [0, 1, 0, 2, 0, 0, 0, 1, 0, 2, 0], [0, 1, 0, 2, 0, 1, 0, 1, 0, 2, 0], [0, 1, 0, 2, 0, 1, 1, 1, 0, 2, 0], [0, 2, 0, 2, 0, 1, 1, 1, 0, 2, 0], [0, 2, 0, 2, 0, 1, 0, 1, 0, 2, 0], [0, 2, 0, 2, 0, 0, 0, 1, 0, 2, 0], [0, 2, 2, 2, 2, 2, 2, 1, 2, 2, 0], [0, 0, 0, 2, 0, 2, 0, 1, 0, 0, 0], [0, 2, 2, 2, 0, 2, 0, 1, 2, 5, 0], [0, 2, 0, 2, 2, 1, 1, 1, 0, 1, 0], [0, 2, 0, 0, 0, 1, 0, 0, 0, 1, 0], [0, 3, 2, 2, 2, 1, 1, 1, 1, 4, 0], [0, 0, 0, 0, 0, 0, 0, 0, 0, 0, 0]]"
2026-05-29T19:11:56.080620,0,Stop,597.0,False,False,False,"[[0, 0, 0, 0, 0, 0, 0, 0, 0, 0, 0], [0, 2, 2, 2, 2, 1, 1, 1, 1, 1, 0], [0, 2, 0, 0, 0, 1, 0, 0, 0, 1, 0], [0, 2, 0, 1, 1, 1, 1, 1, 0, 1, 0], [0, 2, 2, 1, 0, 1, 0, 1, 4, 1, 0], [0, 0, 0, 1, 0, 1, 0, 2, 0, 0, 0], [0, 1, 1, 1, 2, 1, 1, 1, 2, 2, 0], [0, 1, 0, 2, 0, 0, 0, 1, 0, 2, 0], [0, 1, 0, 2, 0, 1, 0, 1, 0, 2, 0], [0, 1, 0, 2, 0, 1, 1, 1, 0, 2, 0], [0, 2, 0, 2, 0, 1, 1, 1, 0, 2, 0], [0, 2, 0, 2, 0, 1, 0, 1, 0, 2, 0], [0, 2, 0, 2, 0, 0, 0, 1, 0, 2, 0], [0, 2, 2, 2, 2, 2, 2, 1, 2, 2, 0], [0, 0, 0, 2, 0, 2, 0, 1, 0, 0, 0], [0, 2, 2, 2, 0, 2, 0, 1, 2, 5, 0], [0, 2, 0, 2, 2, 1, 1, 1, 0, 1, 0], [0, 2, 0, 0, 0, 1, 0, 0, 0, 4, 0], [0, 3, 2, 2, 2, 1, 1, 1, 1, 1, 0], [0, 0, 0, 0, 0, 0, 0, 0, 0, 0, 0]]"
2026-05-29T19:11:56.082504,0,South,596.0,False,False,False,"[[0, 0, 0, 0, 0, 0, 0, 0, 0, 0, 0], [0, 2, 2, 2, 2, 1, 1, 1, 1, 1, 0], [0, 2, 0, 0, 0, 1, 0, 0, 0, 1, 0], [0, 2, 0, 1, 1, 1, 1, 1, 0, 1, 0], [0, 2, 2, 1, 0, 1, 0, 4, 1, 1, 0], [0, 0, 0, 1, 0, 1, 0, 2, 0, 0, 0], [0, 1, 1, 1, 2, 1, 1, 1, 2, 2, 0], [0, 1, 0, 2, 0, 0, 0, 1, 0, 2, 0], [0, 1, 0, 2, 0, 1, 0, 1, 0, 2, 0], [0, 1, 0, 2, 0, 1, 1, 1, 0, 2, 0], [0, 2, 0, 2, 0, 1, 1, 1, 0, 2, 0], [0, 2, 0, 2, 0, 1, 0, 1, 0, 2, 0], [0, 2, 0, 2, 0, 0, 0, 1, 0, 2, 0], [0, 2, 2, 2, 2, 2, 2, 1, 2, 2, 0], [0, 0, 0, 2, 0, 2, 0, 1, 0, 0, 0], [0, 2, 2, 2, 0, 2, 0, 1, 2, 5, 0], [0, 2, 0, 2, 2, 1, 1, 1, 0, 4, 0], [0, 2, 0, 0, 0, 1, 0, 0, 0, 1, 0], [0, 3, 2, 2, 2, 1, 1, 1, 1, 1, 0], [0, 0, 0, 0, 0, 0, 0, 0, 0, 0, 0]]"
2026-05-29T19:11:56.083998,0,South,605.0,False,False,False,"[[0, 0, 0, 0, 0, 0, 0, 0, 0, 0, 0], [0, 2, 2, 2, 2, 1, 1, 1, 1, 1, 0], [0, 2, 0, 0, 0, 1, 0, 0, 0, 1, 0], [0, 2, 0, 1, 1, 1, 1, 1, 0, 1, 0], [0, 2, 2, 1, 0, 1, 0, 1, 1, 1, 0], [0, 0, 0, 1, 0, 1, 0, 4, 0, 0, 0], [0, 1, 1, 1, 2, 1, 1, 1, 2, 2, 0], [0, 1, 0, 2, 0, 0, 0, 1, 0, 2, 0], [0, 1, 0, 2, 0, 1, 0, 1, 0, 2, 0], [0, 1, 0, 2, 0, 1, 1, 1, 0, 2, 0], [0, 2, 0, 2, 0, 1, 1, 1, 0, 2, 0], [0, 2, 0, 2, 0, 1, 0, 1, 0, 2, 0], [0, 2, 0, 2, 0, 0, 0, 1, 0, 2, 0], [0, 2, 2, 2, 2, 2, 2, 1, 2, 2, 0], [0, 0, 0, 2, 0, 2, 0, 1, 0, 0, 0], [0, 2, 2, 2, 0, 2, 0, 1, 5, 4, 0], [0, 2, 0, 2, 2, 1, 1, 1, 0, 1, 0], [0, 2, 0, 0, 0, 1, 0, 0, 0, 1, 0], [0, 3, 2, 2, 2, 1, 1, 1, 1, 1, 0], [0, 0, 0, 0, 0, 0, 0, 0, 0, 0, 0]]"
2026-05-29T19:11:56.086409,0,West,604.0,False,False,False,"[[0, 0, 0, 0, 0, 0, 0, 0, 0, 0, 0], [0, 2, 2, 2, 2, 1, 1, 1, 1, 1, 0], [0, 2, 0, 0, 0, 1, 0, 0, 0, 1, 0], [0, 2, 0, 1, 1, 1, 1, 1, 0, 1, 0], [0, 2, 2, 1, 0, 1, 0, 1, 1, 1, 0], [0, 0, 0, 1, 0, 1, 0, 2, 0, 0, 0], [0, 1, 1, 1, 2, 1, 1, 4, 2, 2, 0], [0, 1, 0, 2, 0, 0, 0, 1, 0, 2, 0], [0, 1, 0, 2, 0, 1, 0, 1, 0, 2, 0], [0, 1, 0, 2, 0, 1, 1, 1, 0, 2, 0], [0, 2, 0, 2, 0, 1, 1, 1, 0, 2, 0], [0, 2, 0, 2, 0, 1, 0, 1, 0, 2, 0], [0, 2, 0, 2, 0, 0, 0, 1, 0, 2, 0], [0, 2, 2, 2, 2, 2, 2, 1, 2, 2, 0], [0, 0, 0, 2, 0, 2, 0, 1, 0, 0, 0], [0, 2, 2, 2, 0, 2, 0, 5, 4, 1, 0], [0, 2, 0, 2, 2, 1, 1, 1, 0, 1, 0], [0, 2, 0, 0, 0, 1, 0, 0, 0, 1, 0], [0, 3, 2, 2, 2, 1, 1, 1, 1, 1, 0], [0, 0, 0, 0, 0, 0, 0, 0, 0, 0, 0]]"
2026-05-29T19:11:56.089285,0,West,603.0,False,False,False,"[[0, 0, 0, 0, 0, 0, 0, 0, 0, 0, 0], [0, 2, 2, 2, 2, 1, 1, 1, 1, 1, 0], [0, 2, 0, 0, 0, 1, 0, 0, 0, 1, 0], [0, 2, 0, 1, 1, 1, 1, 1, 0, 1, 0], [0, 2, 2, 1, 0, 1, 0, 1, 1, 1, 0], [0, 0, 0, 1, 0, 1, 0, 2, 0, 0, 0], [0, 1, 1, 1, 2, 1, 1, 1, 2, 2, 0], [0, 1, 0, 2, 0, 0, 0, 4, 0, 2, 0], [0, 1, 0, 2, 0, 1, 0, 1, 0, 2, 0], [0, 1, 0, 2, 0, 1, 1, 1, 0, 2, 0], [0, 2, 0, 2, 0, 1, 1, 1, 0, 2, 0], [0, 2, 0, 2, 0, 1, 0, 1, 0, 2, 0], [0, 2, 0, 2, 0, 0, 0, 1, 0, 2, 0], [0, 2, 2, 2, 2, 2, 2, 1, 2, 2, 0], [0, 0, 0, 2, 0, 2, 0, 5, 0, 0, 0], [0, 2, 2, 2, 0, 2, 0, 4, 1, 1, 0], [0, 2, 0, 2, 2, 1, 1, 1, 0, 1, 0], [0, 2, 0, 0, 0, 1, 0, 0, 0, 1, 0], [0, 3, 2, 2, 2, 1, 1, 1, 1, 1, 0], [0, 0, 0, 0, 0, 0, 0, 0, 0, 0, 0]]"
2026-05-29T19:11:56.092065,0,North,602.0,False,False,False,"[[0, 0, 0, 0, 0, 0, 0, 0, 0, 0, 0], [0, 2, 2, 2, 2, 1, 1, 1, 1, 1, 0], [0, 2, 0, 0, 0, 1, 0, 0, 0, 1, 0], [0, 2, 0, 1, 1, 1, 1, 1, 0, 1, 0], [0, 2, 2, 1, 0, 1, 0, 1, 1, 1, 0], [0, 0, 0, 1, 0, 1, 0, 2, 0, 0, 0], [0, 1, 1, 1, 2, 1, 1, 1, 2, 2, 0], [0, 1, 0, 2, 0, 0, 0, 1, 0, 2, 0], [0, 1, 0, 2, 0, 1, 0, 4, 0, 2, 0], [0, 1, 0, 2, 0, 1, 1, 1, 0, 2, 0], [0, 2, 0, 2, 0, 1, 1, 1, 0, 2, 0], [0, 2, 0, 2, 0, 1, 0, 1, 0, 2, 0], [0, 2, 0, 2, 0, 0, 0, 1, 0, 2, 0], [0, 2, 2, 2, 2, 2, 2, 5, 2, 2, 0], [0, 0, 0, 2, 0, 2, 0, 4, 0, 0, 0], [0, 2, 2, 2, 0, 2, 0, 1, 1, 1, 0], [0, 2, 0, 2, 2, 1, 1, 1, 0, 1, 0], [0, 2, 0, 0, 0, 1, 0, 0, 0, 1, 0], [0, 3, 2, 2, 2, 1, 1, 1, 1, 1, 0], [0, 0, 0, 0, 0, 0, 0, 0, 0, 0, 0]]"
2026-05-29T19:11:56.098411,0,North,611.0,False,False,False,"[[0, 0, 0, 0, 0, 0, 0, 0, 0, 0, 0], [0, 2, 2, 2, 2, 1, 1, 1, 1, 1, 0], [0, 2, 0, 0, 0, 1, 0, 0, 0, 1, 0], [0, 2, 0, 1, 1, 1, 1, 1, 0, 1, 0], [0, 2, 2, 1, 0, 1, 0, 1, 1, 1, 0], [0, 0, 0, 1, 0, 1, 0, 2, 0, 0, 0], [0, 1, 1, 1, 2, 1, 1, 1, 2, 2, 0], [0, 1, 0, 2, 0, 0, 0, 1, 0, 2, 0], [0, 1, 0, 2, 0, 1, 0, 1, 0, 2, 0], [0, 1, 0, 2, 0, 1, 1, 4, 0, 2, 0], [0, 2, 0, 2, 0, 1, 1, 1, 0, 2, 0], [0, 2, 0, 2, 0, 1, 0, 1, 0, 2, 0], [0, 2, 0, 2, 0, 0, 0, 1, 0, 2, 0], [0, 2, 2, 2, 2, 2, 2, 4, 5, 2, 0], [0, 0, 0, 2, 0, 2, 0, 1, 0, 0, 0], [0, 2, 2, 2, 0, 2, 0, 1, 1, 1, 0], [0, 2, 0, 2, 2, 1, 1, 1, 0, 1, 0], [0, 2, 0, 0, 0, 1, 0, 0, 0, 1, 0], [0, 3, 2, 2, 2, 1, 1, 1, 1, 1, 0], [0, 0, 0, 0, 0, 0, 0, 0, 0, 0, 0]]"
2026-05-29T19:11:56.112794,0,West,620.0,False,False,False,"[[0, 0, 0, 0, 0, 0, 0, 0, 0, 0, 0], [0, 2, 2, 2, 2, 1, 1, 1, 1, 1, 0], [0, 2, 0, 0, 0, 1, 0, 0, 0, 1, 0], [0, 2, 0, 1, 1, 1, 1, 1, 0, 1, 0], [0, 2, 2, 1, 0, 1, 0, 1, 1, 1, 0], [0, 0, 0, 1, 0, 1, 0, 2, 0, 0, 0], [0, 1, 1, 1, 2, 1, 1, 1, 2, 2, 0], [0, 1, 0, 2, 0, 0, 0, 1, 0, 2, 0], [0, 1, 0, 2, 0, 1, 0, 1, 0, 2, 0], [0, 1, 0, 2, 0, 1, 1, 1, 0, 2, 0], [0, 2, 0, 2, 0, 1, 1, 4, 0, 2, 0], [0, 2, 0, 2, 0, 1, 0, 1, 0, 2, 0], [0, 2, 0, 2, 0, 0, 0, 1, 0, 2, 0], [0, 2, 2, 2, 2, 2, 2, 1, 4, 5, 0], [0, 0, 0, 2, 0, 2, 0, 1, 0, 0, 0], [0, 2, 2, 2, 0, 2, 0, 1, 1, 1, 0], [0, 2, 0, 2, 2, 1, 1, 1, 0, 1, 0], [0, 2, 0, 0, 0, 1, 0, 0, 0, 1, 0], [0, 3, 2, 2, 2, 1, 1, 1, 1, 1, 0], [0, 0, 0, 0, 0, 0, 0, 0, 0, 0, 0]]"
2026-05-29T19:11:56.116581,0,West,629.0,False,False,False,"[[0, 0, 0, 0, 0, 0, 0, 0, 0, 0, 0], [0, 2, 2, 2, 2, 1, 1, 1, 1, 1, 0], [0, 2, 0, 0, 0, 1, 0, 0, 0, 1, 0], [0, 2, 0, 1, 1, 1, 1, 1, 0, 1, 0], [0, 2, 2, 1, 0, 1, 0, 1, 1, 1, 0], [0, 0, 0, 1, 0, 1, 0, 2, 0, 0, 0], [0, 1, 1, 1, 2, 1, 1, 1, 2, 2, 0], [0, 1, 0, 2, 0, 0, 0, 1, 0, 2, 0], [0, 1, 0, 2, 0, 1, 0, 1, 0, 2, 0], [0, 1, 0, 2, 0, 1, 1, 1, 0, 2, 0], [0, 2, 0, 2, 0, 1, 1, 1, 0, 2, 0], [0, 2, 0, 2, 0, 1, 0, 4, 0, 2, 0], [0, 2, 0, 2, 0, 0, 0, 1, 0, 5, 0], [0, 2, 2, 2, 2, 2, 2, 1, 1, 4, 0], [0, 0, 0, 2, 0, 2, 0, 1, 0, 0, 0], [0, 2, 2, 2, 0, 2, 0, 1, 1, 1, 0], [0, 2, 0, 2, 2, 1, 1, 1, 0, 1, 0], [0, 2, 0, 0, 0, 1, 0, 0, 0, 1, 0], [0, 3, 2, 2, 2, 1, 1, 1, 1, 1, 0], [0, 0, 0, 0, 0, 0, 0, 0, 0, 0, 0]]"
2026-05-29T19:11:56.119292,0,West,638.0,False,False,False,"[[0, 0, 0, 0, 0, 0, 0, 0, 0, 0, 0], [0, 2, 2, 2, 2, 1, 1, 1, 1, 1, 0], [0, 2, 0, 0, 0, 1, 0, 0, 0, 1, 0], [0, 2, 0, 1, 1, 1, 1, 1, 0, 1, 0], [0, 2, 2, 1, 0, 1, 0, 1, 1, 1, 0], [0, 0, 0, 1, 0, 1, 0, 2, 0, 0, 0], [0, 1, 1, 1, 2, 1, 1, 1, 2, 2, 0], [0, 1, 0, 2, 0, 0, 0, 1, 0, 2, 0], [0, 1, 0, 2, 0, 1, 0, 1, 0, 2, 0], [0, 1, 0, 2, 0, 1, 1, 1, 0, 2, 0], [0, 2, 0, 2, 0, 1, 1, 1, 0, 2, 0], [0, 2, 0, 2, 0, 1, 0, 1, 0, 5, 0], [0, 2, 0, 2, 0, 0, 0, 4, 0, 4, 0], [0, 2, 2, 2, 2, 2, 2, 1, 1, 1, 0], [0, 0, 0, 2, 0, 2, 0, 1, 0, 0, 0], [0, 2, 2, 2, 0, 2, 0, 1, 1, 1, 0], [0, 2, 0, 2, 2, 1, 1, 1, 0, 1, 0], [0, 2, 0, 0, 0, 1, 0, 0, 0, 1, 0], [0, 3, 2, 2, 2, 1, 1, 1, 1, 1, 0], [0, 0, 0, 0, 0, 0, 0, 0, 0, 0, 0]]"
2026-05-29T19:11:56.122710,0,West,647.0,False,False,False,"[[0, 0, 0, 0, 0, 0, 0, 0, 0, 0, 0], [0, 2, 2, 2, 2, 1, 1, 1, 1, 1, 0], [0, 2, 0, 0, 0, 1, 0, 0, 0, 1, 0], [0, 2, 0, 1, 1, 1, 1, 1, 0, 1, 0], [0, 2, 2, 1, 0, 1, 0, 1, 1, 1, 0], [0, 0, 0, 1, 0, 1, 0, 2, 0, 0, 0], [0, 1, 1, 1, 2, 1, 1, 1, 2, 2, 0], [0, 1, 0, 2, 0, 0, 0, 1, 0, 2, 0], [0, 1, 0, 2, 0, 1, 0, 1, 0, 2, 0], [0, 1, 0, 2, 0, 1, 1, 1, 0, 2, 0], [0, 2, 0, 2, 0, 1, 1, 1, 0, 5, 0], [0, 2, 0, 2, 0, 1, 0, 1, 0, 4, 0], [0, 2, 0, 2, 0, 0, 0, 1, 0, 1, 0], [0, 2, 2, 2, 2, 2, 2, 4, 1, 1, 0], [0, 0, 0, 2, 0, 2, 0, 1, 0, 0, 0], [0, 2, 2, 2, 0, 2, 0, 1, 1, 1, 0], [0, 2, 0, 2, 2, 1, 1, 1, 0, 1, 0], [0, 2, 0, 0, 0, 1, 0, 0, 0, 1, 0], [0, 3, 2, 2, 2, 1, 1, 1, 1, 1, 0], [0, 0, 0, 0, 0, 0, 0, 0, 0, 0, 0]]"
2026-05-29T19:11:56.125586,0,West,656.0,False,False,False,"[[0, 0, 0, 0, 0, 0, 0, 0, 0, 0, 0], [0, 2, 2, 2, 2, 1, 1, 1, 1, 1, 0], [0, 2, 0, 0, 0, 1, 0, 0, 0, 1, 0], [0, 2, 0, 1, 1, 1, 1, 1, 0, 1, 0], [0, 2, 2, 1, 0, 1, 0, 1, 1, 1, 0], [0, 0, 0, 1, 0, 1, 0, 2, 0, 0, 0], [0, 1, 1, 1, 2, 1, 1, 1, 2, 2, 0], [0, 1, 0, 2, 0, 0, 0, 1, 0, 2, 0], [0, 1, 0, 2, 0, 1, 0, 1, 0, 2, 0], [0, 1, 0, 2, 0, 1, 1, 1, 0, 5, 0], [0, 2, 0, 2, 0, 1, 1, 1, 0, 4, 0], [0, 2, 0, 2, 0, 1, 0, 1, 0, 1, 0], [0, 2, 0, 2, 0, 0, 0, 1, 0, 1, 0], [0, 2, 2, 2, 2, 2, 2, 1, 4, 1, 0], [0, 0, 0, 2, 0, 2, 0, 1, 0, 0, 0], [0, 2, 2, 2, 0, 2, 0, 1, 1, 1, 0], [0, 2, 0, 2, 2, 1, 1, 1, 0, 1, 0], [0, 2, 0, 0, 0, 1, 0, 0, 0, 1, 0], [0, 3, 2, 2, 2, 1, 1, 1, 1, 1, 0], [0, 0, 0, 0, 0, 0, 0, 0, 0, 0, 0]]"
2026-05-29T19:11:56.129685,0,West,665.0,False,False,False,"[[0, 0, 0, 0, 0, 0, 0, 0, 0, 0, 0], [0, 2, 2, 2, 2, 1, 1, 1, 1, 1, 0], [0, 2, 0, 0, 0, 1, 0, 0, 0, 1, 0], [0, 2, 0, 1, 1, 1, 1, 1, 0, 1, 0], [0, 2, 2, 1, 0, 1, 0, 1, 1, 1, 0], [0, 0, 0, 1, 0, 1, 0, 2, 0, 0, 0], [0, 1, 1, 1, 2, 1, 1, 1, 2, 2, 0], [0, 1, 0, 2, 0, 0, 0, 1, 0, 2, 0], [0, 1, 0, 2, 0, 1, 0, 1, 0, 5, 0], [0, 1, 0, 2, 0, 1, 1, 1, 0, 4, 0], [0, 2, 0, 2, 0, 1, 1, 1, 0, 1, 0], [0, 2, 0, 2, 0, 1, 0, 1, 0, 1, 0], [0, 2, 0, 2, 0, 0, 0, 1, 0, 1, 0], [0, 2, 2, 2, 2, 2, 2, 1, 1, 4, 0], [0, 0, 0, 2, 0, 2, 0, 1, 0, 0, 0], [0, 2, 2, 2, 0, 2, 0, 1, 1, 1, 0], [0, 2, 0, 2, 2, 1, 1, 1, 0, 1, 0], [0, 2, 0, 0, 0, 1, 0, 0, 0, 1, 0], [0, 3, 2, 2, 2, 1, 1, 1, 1, 1, 0], [0, 0, 0, 0, 0, 0, 0, 0, 0, 0, 0]]"
2026-05-29T19:11:56.132601,0,West,674.0,False,False,False,"[[0, 0, 0, 0, 0, 0, 0, 0, 0, 0, 0], [0, 2, 2, 2, 2, 1, 1, 1, 1, 1, 0], [0, 2, 0, 0, 0, 1, 0, 0, 0, 1, 0], [0, 2, 0, 1, 1, 1, 1, 1, 0, 1, 0], [0, 2, 2, 1, 0, 1, 0, 1, 1, 1, 0], [0, 0, 0, 1, 0, 1, 0, 2, 0, 0, 0], [0, 1, 1, 1, 2, 1, 1, 1, 2, 2, 0], [0, 1, 0, 2, 0, 0, 0, 1, 0, 5, 0], [0, 1, 0, 2, 0, 1, 0, 1, 0, 4, 0], [0, 1, 0, 2, 0, 1, 1, 1, 0, 1, 0], [0, 2, 0, 2, 0, 1, 1, 1, 0, 1, 0], [0, 2, 0, 2, 0, 1, 0, 1, 0, 1, 0], [0, 2, 0, 2, 0, 0, 0, 1, 0, 4, 0], [0, 2, 2, 2, 2, 2, 2, 1, 1, 1, 0], [0, 0, 0, 2, 0, 2, 0, 1, 0, 0, 0], [0, 2, 2, 2, 0, 2, 0, 1, 1, 1, 0], [0, 2, 0, 2, 2, 1, 1, 1, 0, 1, 0], [0, 2, 0, 0, 0, 1, 0, 0, 0, 1, 0], [0, 3, 2, 2, 2, 1, 1, 1, 1, 1, 0], [0, 0, 0, 0, 0, 0, 0, 0, 0, 0, 0]]"
2026-05-29T19:11:56.135766,0,South,683.0,False,False,False,"[[0, 0, 0, 0, 0, 0, 0, 0, 0, 0, 0], [0, 2, 2, 2, 2, 1, 1, 1, 1, 1, 0], [0, 2, 0, 0, 0, 1, 0, 0, 0, 1, 0], [0, 2, 0, 1, 1, 1, 1, 1, 0, 1, 0], [0, 2, 2, 1, 0, 1, 0, 1, 1, 1, 0], [0, 0, 0, 1, 0, 1, 0, 2, 0, 0, 0], [0, 1, 1, 1, 2, 1, 1, 1, 2, 5, 0], [0, 1, 0, 2, 0, 0, 0, 1, 0, 4, 0], [0, 1, 0, 2, 0, 1, 0, 1, 0, 1, 0], [0, 1, 0, 2, 0, 1, 1, 1, 0, 1, 0], [0, 2, 0, 2, 0, 1, 1, 1, 0, 1, 0], [0, 2, 0, 2, 0, 1, 0, 1, 0, 4, 0], [0, 2, 0, 2, 0, 0, 0, 1, 0, 1, 0], [0, 2, 2, 2, 2, 2, 2, 1, 1, 1, 0], [0, 0, 0, 2, 0, 2, 0, 1, 0, 0, 0], [0, 2, 2, 2, 0, 2, 0, 1, 1, 1, 0], [0, 2, 0, 2, 2, 1, 1, 1, 0, 1, 0], [0, 2, 0, 0, 0, 1, 0, 0, 0, 1, 0], [0, 3, 2, 2, 2, 1, 1, 1, 1, 1, 0], [0, 0, 0, 0, 0, 0, 0, 0, 0, 0, 0]]"
2026-05-29T19:11:56.139510,0,South,692.0,False,False,False,"[[0, 0, 0, 0, 0, 0, 0, 0, 0, 0, 0], [0, 2, 2, 2, 2, 1, 1, 1, 1, 1, 0], [0, 2, 0, 0, 0, 1, 0, 0, 0, 1, 0], [0, 2, 0, 1, 1, 1, 1, 1, 0, 1, 0], [0, 2, 2, 1, 0, 1, 0, 1, 1, 1, 0], [0, 0, 0, 1, 0, 1, 0, 2, 0, 0, 0], [0, 1, 1, 1, 2, 1, 1, 1, 5, 4, 0], [0, 1, 0, 2, 0, 0, 0, 1, 0, 1, 0], [0, 1, 0, 2, 0, 1, 0, 1, 0, 1, 0], [0, 1, 0, 2, 0, 1, 1, 1, 0, 1, 0], [0, 2, 0, 2, 0, 1, 1, 1, 0, 4, 0], [0, 2, 0, 2, 0, 1, 0, 1, 0, 1, 0], [0, 2, 0, 2, 0, 0, 0, 1, 0, 1, 0], [0, 2, 2, 2, 2, 2, 2, 1, 1, 1, 0], [0, 0, 0, 2, 0, 2, 0, 1, 0, 0, 0], [0, 2, 2, 2, 0, 2, 0, 1, 1, 1, 0], [0, 2, 0, 2, 2, 1, 1, 1, 0, 1, 0], [0, 2, 0, 0, 0, 1, 0, 0, 0, 1, 0], [0, 3, 2, 2, 2, 1, 1, 1, 1, 1, 0], [0, 0, 0, 0, 0, 0, 0, 0, 0, 0, 0]]"
2026-05-29T19:11:56.143095,0,West,691.0,False,False,False,"[[0, 0, 0, 0, 0, 0, 0, 0, 0, 0, 0], [0, 2, 2, 2, 2, 1, 1, 1, 1, 1, 0], [0, 2, 0, 0, 0, 1, 0, 0, 0, 1, 0], [0, 2, 0, 1, 1, 1, 1, 1, 0, 1, 0], [0, 2, 2, 1, 0, 1, 0, 1, 1, 1, 0], [0, 0, 0, 1, 0, 1, 0, 2, 0, 0, 0], [0, 1, 1, 1, 2, 1, 1, 5, 4, 1, 0], [0, 1, 0, 2, 0, 0, 0, 1, 0, 1, 0], [0, 1, 0, 2, 0, 1, 0, 1, 0, 1, 0], [0, 1, 0, 2, 0, 1, 1, 1, 0, 4, 0], [0, 2, 0, 2, 0, 1, 1, 1, 0, 1, 0], [0, 2, 0, 2, 0, 1, 0, 1, 0, 1, 0], [0, 2, 0, 2, 0, 0, 0, 1, 0, 1, 0], [0, 2, 2, 2, 2, 2, 2, 1, 1, 1, 0], [0, 0, 0, 2, 0, 2, 0, 1, 0, 0, 0], [0, 2, 2, 2, 0, 2, 0, 1, 1, 1, 0], [0, 2, 0, 2, 2, 1, 1, 1, 0, 1, 0], [0, 2, 0, 0, 0, 1, 0, 0, 0, 1, 0], [0, 3, 2, 2, 2, 1, 1, 1, 1, 1, 0], [0, 0, 0, 0, 0, 0, 0, 0, 0, 0, 0]]"
2026-05-29T19:11:56.145438,0,West,700.0,False,False,False,"[[0, 0, 0, 0, 0, 0, 0, 0, 0, 0, 0], [0, 2, 2, 2, 2, 1, 1, 1, 1, 1, 0], [0, 2, 0, 0, 0, 1, 0, 0, 0, 1, 0], [0, 2, 0, 1, 1, 1, 1, 1, 0, 1, 0], [0, 2, 2, 1, 0, 1, 0, 1, 1, 1, 0], [0, 0, 0, 1, 0, 1, 0, 5, 0, 0, 0], [0, 1, 1, 1, 2, 1, 1, 4, 1, 1, 0], [0, 1, 0, 2, 0, 0, 0, 1, 0, 1, 0], [0, 1, 0, 2, 0, 1, 0, 1, 0, 4, 0], [0, 1, 0, 2, 0, 1, 1, 1, 0, 1, 0], [0, 2, 0, 2, 0, 1, 1, 1, 0, 1, 0], [0, 2, 0, 2, 0, 1, 0, 1, 0, 1, 0], [0, 2, 0, 2, 0, 0, 0, 1, 0, 1, 0], [0, 2, 2, 2, 2, 2, 2, 1, 1, 1, 0], [0, 0, 0, 2, 0, 2, 0, 1, 0, 0, 0], [0, 2, 2, 2, 0, 2, 0, 1, 1, 1, 0], [0, 2, 0, 2, 2, 1, 1, 1, 0, 1, 0], [0, 2, 0, 0, 0, 1, 0, 0, 0, 1, 0], [0, 3, 2, 2, 2, 1, 1, 1, 1, 1, 0], [0, 0, 0, 0, 0, 0, 0, 0, 0, 0, 0]]"
2026-05-29T19:11:56.148117,0,West,699.0,False,False,False,"[[0, 0, 0, 0, 0, 0, 0, 0, 0, 0, 0], [0, 2, 2, 2, 2, 1, 1, 1, 1, 1, 0], [0, 2, 0, 0, 0, 1, 0, 0, 0, 1, 0], [0, 2, 0, 1, 1, 1, 1, 1, 0, 1, 0], [0, 2, 2, 1, 0, 1, 0, 5, 1, 1, 0], [0, 0, 0, 1, 0, 1, 0, 4, 0, 0, 0], [0, 1, 1, 1, 2, 1, 1, 1, 1, 1, 0], [0, 1, 0, 2, 0, 0, 0, 1, 0, 4, 0], [0, 1, 0, 2, 0, 1, 0, 1, 0, 1, 0], [0, 1, 0, 2, 0, 1, 1, 1, 0, 1, 0], [0, 2, 0, 2, 0, 1, 1, 1, 0, 1, 0], [0, 2, 0, 2, 0, 1, 0, 1, 0, 1, 0], [0, 2, 0, 2, 0, 0, 0, 1, 0, 1, 0], [0, 2, 2, 2, 2, 2, 2, 1, 1, 1, 0], [0, 0, 0, 2, 0, 2, 0, 1, 0, 0, 0], [0, 2, 2, 2, 0, 2, 0, 1, 1, 1, 0], [0, 2, 0, 2, 2, 1, 1, 1, 0, 1, 0], [0, 2, 0, 0, 0, 1, 0, 0, 0, 1, 0], [0, 3, 2, 2, 2, 1, 1, 1, 1, 1, 0], [0, 0, 0, 0, 0, 0, 0, 0, 0, 0, 0]]"
2026-05-29T19:11:56.151256,0,South,698.0,False,False,False,"[[0, 0, 0, 0, 0, 0, 0, 0, 0, 0, 0], [0, 2, 2, 2, 2, 1, 1, 1, 1, 1, 0], [0, 2, 0, 0, 0, 1, 0, 0, 0, 1, 0], [0, 2, 0, 1, 1, 1, 1, 5, 0, 1, 0], [0, 2, 2, 1, 0, 1, 0, 4, 1, 1, 0], [0, 0, 0, 1, 0, 1, 0, 1, 0, 0, 0], [0, 1, 1, 1, 2, 1, 1, 1, 1, 4, 0], [0, 1, 0, 2, 0, 0, 0, 1, 0, 1, 0], [0, 1, 0, 2, 0, 1, 0, 1, 0, 1, 0], [0, 1, 0, 2, 0, 1, 1, 1, 0, 1, 0], [0, 2, 0, 2, 0, 1, 1, 1, 0, 1, 0], [0, 2, 0, 2, 0, 1, 0, 1, 0, 1, 0], [0, 2, 0, 2, 0, 0, 0, 1, 0, 1, 0], [0, 2, 2, 2, 2, 2, 2, 1, 1, 1, 0], [0, 0, 0, 2, 0, 2, 0, 1, 0, 0, 0], [0, 2, 2, 2, 0, 2, 0, 1, 1, 1, 0], [0, 2, 0, 2, 2, 1, 1, 1, 0, 1, 0], [0, 2, 0, 0, 0, 1, 0, 0, 0, 1, 0], [0, 3, 2, 2, 2, 1, 1, 1, 1, 1, 0], [0, 0, 0, 0, 0, 0, 0, 0, 0, 0, 0]]"
2026-05-29T19:11:56.155374,0,South,697.0,False,False,False,"[[0, 0, 0, 0, 0, 0, 0, 0, 0, 0, 0], [0, 2, 2, 2, 2, 1, 1, 1, 1, 1, 0], [0, 2, 0, 0, 0, 1, 0, 0, 0, 1, 0], [0, 2, 0, 1, 1, 1, 5, 4, 0, 1, 0], [0, 2, 2, 1, 0, 1, 0, 1, 1, 1, 0], [0, 0, 0, 1, 0, 1, 0, 1, 0, 0, 0], [0, 1, 1, 1, 2, 1, 1, 1, 4, 1, 0], [0, 1, 0, 2, 0, 0, 0, 1, 0, 1, 0], [0, 1, 0, 2, 0, 1, 0, 1, 0, 1, 0], [0, 1, 0, 2, 0, 1, 1, 1, 0, 1, 0], [0, 2, 0, 2, 0, 1, 1, 1, 0, 1, 0], [0, 2, 0, 2, 0, 1, 0, 1, 0, 1, 0], [0, 2, 0, 2, 0, 0, 0, 1, 0, 1, 0], [0, 2, 2, 2, 2, 2, 2, 1, 1, 1, 0], [0, 0, 0, 2, 0, 2, 0, 1, 0, 0, 0], [0, 2, 2, 2, 0, 2, 0, 1, 1, 1, 0], [0, 2, 0, 2, 2, 1, 1, 1, 0, 1, 0], [0, 2, 0, 0, 0, 1, 0, 0, 0, 1, 0], [0, 3, 2, 2, 2, 1, 1, 1, 1, 1, 0], [0, 0, 0, 0, 0, 0, 0, 0, 0, 0, 0]]"
2026-05-29T19:11:56.158891,0,West,696.0,False,False,False,"[[0, 0, 0, 0, 0, 0, 0, 0, 0, 0, 0], [0, 2, 2, 2, 2, 1, 1, 1, 1, 1, 0], [0, 2, 0, 0, 0, 1, 0, 0, 0, 1, 0], [0, 2, 0, 1, 1, 5, 4, 1, 0, 1, 0], [0, 2, 2, 1, 0, 1, 0, 1, 1, 1, 0], [0, 0, 0, 1, 0, 1, 0, 1, 0, 0, 0], [0, 1, 1, 1, 2, 1, 1, 4, 1, 1, 0], [0, 1, 0, 2, 0, 0, 0, 1, 0, 1, 0], [0, 1, 0, 2, 0, 1, 0, 1, 0, 1, 0], [0, 1, 0, 2, 0, 1, 1, 1, 0, 1, 0], [0, 2, 0, 2, 0, 1, 1, 1, 0, 1, 0], [0, 2, 0, 2, 0, 1, 0, 1, 0, 1, 0], [0, 2, 0, 2, 0, 0, 0, 1, 0, 1, 0], [0, 2, 2, 2, 2, 2, 2, 1, 1, 1, 0], [0, 0, 0, 2, 0, 2, 0, 1, 0, 0, 0], [0, 2, 2, 2, 0, 2, 0, 1, 1, 1, 0], [0, 2, 0, 2, 2, 1, 1, 1, 0, 1, 0], [0, 2, 0, 0, 0, 1, 0, 0, 0, 1, 0], [0, 3, 2, 2, 2, 1, 1, 1, 1, 1, 0], [0, 0, 0, 0, 0, 0, 0, 0, 0, 0, 0]]"
2026-05-29T19:11:56.161839,0,West,695.0,False,False,False,"[[0, 0, 0, 0, 0, 0, 0, 0, 0, 0, 0], [0, 2, 2, 2, 2, 1, 1, 1, 1, 1, 0], [0, 2, 0, 0, 0, 5, 0, 0, 0, 1, 0], [0, 2, 0, 1, 1, 4, 1, 1, 0, 1, 0], [0, 2, 2, 1, 0, 1, 0, 1, 1, 1, 0], [0, 0, 0, 1, 0, 1, 0, 1, 0, 0, 0], [0, 1, 1, 1, 2, 1, 1, 1, 1, 1, 0], [0, 1, 0, 2, 0, 0, 0, 4, 0, 1, 0], [0, 1, 0, 2, 0, 1, 0, 1, 0, 1, 0], [0, 1, 0, 2, 0, 1, 1, 1, 0, 1, 0], [0, 2, 0, 2, 0, 1, 1, 1, 0, 1, 0], [0, 2, 0, 2, 0, 1, 0, 1, 0, 1, 0], [0, 2, 0, 2, 0, 0, 0, 1, 0, 1, 0], [0, 2, 2, 2, 2, 2, 2, 1, 1, 1, 0], [0, 0, 0, 2, 0, 2, 0, 1, 0, 0, 0], [0, 2, 2, 2, 0, 2, 0, 1, 1, 1, 0], [0, 2, 0, 2, 2, 1, 1, 1, 0, 1, 0], [0, 2, 0, 0, 0, 1, 0, 0, 0, 1, 0], [0, 3, 2, 2, 2, 1, 1, 1, 1, 1, 0], [0, 0, 0, 0, 0, 0, 0, 0, 0, 0, 0]]"
2026-05-29T19:11:56.164531,0,South,694.0,False,False,False,"[[0, 0, 0, 0, 0, 0, 0, 0, 0, 0, 0], [0, 2, 2, 2, 2, 5, 1, 1, 1, 1, 0], [0, 2, 0, 0, 0, 4, 0, 0, 0, 1, 0], [0, 2, 0, 1, 1, 1, 1, 1, 0, 1, 0], [0, 2, 2, 1, 0, 1, 0, 1, 1, 1, 0], [0, 0, 0, 1, 0, 1, 0, 1, 0, 0, 0], [0, 1, 1, 1, 2, 1, 1, 1, 1, 1, 0], [0, 1, 0, 2, 0, 0, 0, 1, 0, 1, 0], [0, 1, 0, 2, 0, 1, 0, 4, 0, 1, 0], [0, 1, 0, 2, 0, 1, 1, 1, 0, 1, 0], [0, 2, 0, 2, 0, 1, 1, 1, 0, 1, 0], [0, 2, 0, 2, 0, 1, 0, 1, 0, 1, 0], [0, 2, 0, 2, 0, 0, 0, 1, 0, 1, 0], [0, 2, 2, 2, 2, 2, 2, 1, 1, 1, 0], [0, 0, 0, 2, 0, 2, 0, 1, 0, 0, 0], [0, 2, 2, 2, 0, 2, 0, 1, 1, 1, 0], [0, 2, 0, 2, 2, 1, 1, 1, 0, 1, 0], [0, 2, 0, 0, 0, 1, 0, 0, 0, 1, 0], [0, 3, 2, 2, 2, 1, 1, 1, 1, 1, 0], [0, 0, 0, 0, 0, 0, 0, 0, 0, 0, 0]]"
2026-05-29T19:11:56.168587,0,South,703.0,False,False,False,"[[0, 0, 0, 0, 0, 0, 0, 0, 0, 0, 0], [0, 2, 2, 2, 5, 4, 1, 1, 1, 1, 0], [0, 2, 0, 0, 0, 1, 0, 0, 0, 1, 0], [0, 2, 0, 1, 1, 1, 1, 1, 0, 1, 0], [0, 2, 2, 1, 0, 1, 0, 1, 1, 1, 0], [0, 0, 0, 1, 0, 1, 0, 1, 0, 0, 0], [0, 1, 1, 1, 2, 1, 1, 1, 1, 1, 0], [0, 1, 0, 2, 0, 0, 0, 1, 0, 1, 0], [0, 1, 0, 2, 0, 1, 0, 1, 0, 1, 0], [0, 1, 0, 2, 0, 1, 1, 4, 0, 1, 0], [0, 2, 0, 2, 0, 1, 1, 1, 0, 1, 0], [0, 2, 0, 2, 0, 1, 0, 1, 0, 1, 0], [0, 2, 0, 2, 0, 0, 0, 1, 0, 1, 0], [0, 2, 2, 2, 2, 2, 2, 1, 1, 1, 0], [0, 0, 0, 2, 0, 2, 0, 1, 0, 0, 0], [0, 2, 2, 2, 0, 2, 0, 1, 1, 1, 0], [0, 2, 0, 2, 2, 1, 1, 1, 0, 1, 0], [0, 2, 0, 0, 0, 1, 0, 0, 0, 1, 0], [0, 3, 2, 2, 2, 1, 1, 1, 1, 1, 0], [0, 0, 0, 0, 0, 0, 0, 0, 0, 0, 0]]"
2026-05-29T19:11:56.170773,0,South,712.0,False,False,False,"[[0, 0, 0, 0, 0, 0, 0, 0, 0, 0, 0], [0, 2, 2, 5, 4, 1, 1, 1, 1, 1, 0], [0, 2, 0, 0, 0, 1, 0, 0, 0, 1, 0], [0, 2, 0, 1, 1, 1, 1, 1, 0, 1, 0], [0, 2, 2, 1, 0, 1, 0, 1, 1, 1, 0], [0, 0, 0, 1, 0, 1, 0, 1, 0, 0, 0], [0, 1, 1, 1, 2, 1, 1, 1, 1, 1, 0], [0, 1, 0, 2, 0, 0, 0, 1, 0, 1, 0], [0, 1, 0, 2, 0, 1, 0, 1, 0, 1, 0], [0, 1, 0, 2, 0, 1, 1, 1, 0, 1, 0], [0, 2, 0, 2, 0, 1, 1, 4, 0, 1, 0], [0, 2, 0, 2, 0, 1, 0, 1, 0, 1, 0], [0, 2, 0, 2, 0, 0, 0, 1, 0, 1, 0], [0, 2, 2, 2, 2, 2, 2, 1, 1, 1, 0], [0, 0, 0, 2, 0, 2, 0, 1, 0, 0, 0], [0, 2, 2, 2, 0, 2, 0, 1, 1, 1, 0], [0, 2, 0, 2, 2, 1, 1, 1, 0, 1, 0], [0, 2, 0, 0, 0, 1, 0, 0, 0, 1, 0], [0, 3, 2, 2, 2, 1, 1, 1, 1, 1, 0], [0, 0, 0, 0, 0, 0, 0, 0, 0, 0, 0]]"
2026-05-29T19:11:56.172945,0,South,721.0,False,False,False,"[[0, 0, 0, 0, 0, 0, 0, 0, 0, 0, 0], [0, 2, 5, 4, 1, 1, 1, 1, 1, 1, 0], [0, 2, 0, 0, 0, 1, 0, 0, 0, 1, 0], [0, 2, 0, 1, 1, 1, 1, 1, 0, 1, 0], [0, 2, 2, 1, 0, 1, 0, 1, 1, 1, 0], [0, 0, 0, 1, 0, 1, 0, 1, 0, 0, 0], [0, 1, 1, 1, 2, 1, 1, 1, 1, 1, 0], [0, 1, 0, 2, 0, 0, 0, 1, 0, 1, 0], [0, 1, 0, 2, 0, 1, 0, 1, 0, 1, 0], [0, 1, 0, 2, 0, 1, 1, 1, 0, 1, 0], [0, 2, 0, 2, 0, 1, 4, 1, 0, 1, 0], [0, 2, 0, 2, 0, 1, 0, 1, 0, 1, 0], [0, 2, 0, 2, 0, 0, 0, 1, 0, 1, 0], [0, 2, 2, 2, 2, 2, 2, 1, 1, 1, 0], [0, 0, 0, 2, 0, 2, 0, 1, 0, 0, 0], [0, 2, 2, 2, 0, 2, 0, 1, 1, 1, 0], [0, 2, 0, 2, 2, 1, 1, 1, 0, 1, 0], [0, 2, 0, 0, 0, 1, 0, 0, 0, 1, 0], [0, 3, 2, 2, 2, 1, 1, 1, 1, 1, 0], [0, 0, 0, 0, 0, 0, 0, 0, 0, 0, 0]]"
2026-05-29T19:11:56.174964,0,East,730.0,False,False,False,"[[0, 0, 0, 0, 0, 0, 0, 0, 0, 0, 0], [0, 5, 4, 1, 1, 1, 1, 1, 1, 1, 0], [0, 2, 0, 0, 0, 1, 0, 0, 0, 1, 0], [0, 2, 0, 1, 1, 1, 1, 1, 0, 1, 0], [0, 2, 2, 1, 0, 1, 0, 1, 1, 1, 0], [0, 0, 0, 1, 0, 1, 0, 1, 0, 0, 0], [0, 1, 1, 1, 2, 1, 1, 1, 1, 1, 0], [0, 1, 0, 2, 0, 0, 0, 1, 0, 1, 0], [0, 1, 0, 2, 0, 1, 0, 1, 0, 1, 0], [0, 1, 0, 2, 0, 1, 4, 1, 0, 1, 0], [0, 2, 0, 2, 0, 1, 1, 1, 0, 1, 0], [0, 2, 0, 2, 0, 1, 0, 1, 0, 1, 0], [0, 2, 0, 2, 0, 0, 0, 1, 0, 1, 0], [0, 2, 2, 2, 2, 2, 2, 1, 1, 1, 0], [0, 0, 0, 2, 0, 2, 0, 1, 0, 0, 0], [0, 2, 2, 2, 0, 2, 0, 1, 1, 1, 0], [0, 2, 0, 2, 2, 1, 1, 1, 0, 1, 0], [0, 2, 0, 0, 0, 1, 0, 0, 0, 1, 0], [0, 3, 2, 2, 2, 1, 1, 1, 1, 1, 0], [0, 0, 0, 0, 0, 0, 0, 0, 0, 0, 0]]"
2026-05-29T19:11:56.177509,0,East,739.0,False,False,False,"[[0, 0, 0, 0, 0, 0, 0, 0, 0, 0, 0], [0, 4, 1, 1, 1, 1, 1, 1, 1, 1, 0], [0, 5, 0, 0, 0, 1, 0, 0, 0, 1, 0], [0, 2, 0, 1, 1, 1, 1, 1, 0, 1, 0], [0, 2, 2, 1, 0, 1, 0, 1, 1, 1, 0], [0, 0, 0, 1, 0, 1, 0, 1, 0, 0, 0], [0, 1, 1, 1, 2, 1, 1, 1, 1, 1, 0], [0, 1, 0, 2, 0, 0, 0, 1, 0, 1, 0], [0, 1, 0, 2, 0, 1, 0, 1, 0, 1, 0], [0, 1, 0, 2, 0, 1, 1, 4, 0, 1, 0], [0, 2, 0, 2, 0, 1, 1, 1, 0, 1, 0], [0, 2, 0, 2, 0, 1, 0, 1, 0, 1, 0], [0, 2, 0, 2, 0, 0, 0, 1, 0, 1, 0], [0, 2, 2, 2, 2, 2, 2, 1, 1, 1, 0], [0, 0, 0, 2, 0, 2, 0, 1, 0, 0, 0], [0, 2, 2, 2, 0, 2, 0, 1, 1, 1, 0], [0, 2, 0, 2, 2, 1, 1, 1, 0, 1, 0], [0, 2, 0, 0, 0, 1, 0, 0, 0, 1, 0], [0, 3, 2, 2, 2, 1, 1, 1, 1, 1, 0], [0, 0, 0, 0, 0, 0, 0, 0, 0, 0, 0]]"
2026-05-29T19:11:56.179163,0,East,748.0,False,False,False,"[[0, 0, 0, 0, 0, 0, 0, 0, 0, 0, 0], [0, 1, 1, 1, 1, 1, 1, 1, 1, 1, 0], [0, 4, 0, 0, 0, 1, 0, 0, 0, 1, 0], [0, 5, 0, 1, 1, 1, 1, 1, 0, 1, 0], [0, 2, 2, 1, 0, 1, 0, 1, 1, 1, 0], [0, 0, 0, 1, 0, 1, 0, 1, 0, 0, 0], [0, 1, 1, 1, 2, 1, 1, 1, 1, 1, 0], [0, 1, 0, 2, 0, 0, 0, 1, 0, 1, 0], [0, 1, 0, 2, 0, 1, 0, 4, 0, 1, 0], [0, 1, 0, 2, 0, 1, 1, 1, 0, 1, 0], [0, 2, 0, 2, 0, 1, 1, 1, 0, 1, 0], [0, 2, 0, 2, 0, 1, 0, 1, 0, 1, 0], [0, 2, 0, 2, 0, 0, 0, 1, 0, 1, 0], [0, 2, 2, 2, 2, 2, 2, 1, 1, 1, 0], [0, 0, 0, 2, 0, 2, 0, 1, 0, 0, 0], [0, 2, 2, 2, 0, 2, 0, 1, 1, 1, 0], [0, 2, 0, 2, 2, 1, 1, 1, 0, 1, 0], [0, 2, 0, 0, 0, 1, 0, 0, 0, 1, 0], [0, 3, 2, 2, 2, 1, 1, 1, 1, 1, 0], [0, 0, 0, 0, 0, 0, 0, 0, 0, 0, 0]]"
2026-05-29T19:11:56.180873,0,North,757.0,False,False,False,"[[0, 0, 0, 0, 0, 0, 0, 0, 0, 0, 0], [0, 1, 1, 1, 1, 1, 1, 1, 1, 1, 0], [0, 1, 0, 0, 0, 1, 0, 0, 0, 1, 0], [0, 4, 0, 1, 1, 1, 1, 1, 0, 1, 0], [0, 5, 2, 1, 0, 1, 0, 1, 1, 1, 0], [0, 0, 0, 1, 0, 1, 0, 1, 0, 0, 0], [0, 1, 1, 1, 2, 1, 1, 1, 1, 1, 0], [0, 1, 0, 2, 0, 0, 0, 4, 0, 1, 0], [0, 1, 0, 2, 0, 1, 0, 1, 0, 1, 0], [0, 1, 0, 2, 0, 1, 1, 1, 0, 1, 0], [0, 2, 0, 2, 0, 1, 1, 1, 0, 1, 0], [0, 2, 0, 2, 0, 1, 0, 1, 0, 1, 0], [0, 2, 0, 2, 0, 0, 0, 1, 0, 1, 0], [0, 2, 2, 2, 2, 2, 2, 1, 1, 1, 0], [0, 0, 0, 2, 0, 2, 0, 1, 0, 0, 0], [0, 2, 2, 2, 0, 2, 0, 1, 1, 1, 0], [0, 2, 0, 2, 2, 1, 1, 1, 0, 1, 0], [0, 2, 0, 0, 0, 1, 0, 0, 0, 1, 0], [0, 3, 2, 2, 2, 1, 1, 1, 1, 1, 0], [0, 0, 0, 0, 0, 0, 0, 0, 0, 0, 0]]"
2026-05-29T19:11:56.182930,0,North,766.0,False,False,False,"[[0, 0, 0, 0, 0, 0, 0, 0, 0, 0, 0], [0, 1, 1, 1, 1, 1, 1, 1, 1, 1, 0], [0, 1, 0, 0, 0, 1, 0, 0, 0, 1, 0], [0, 1, 0, 1, 1, 1, 1, 1, 0, 1, 0], [0, 4, 5, 1, 0, 1, 0, 1, 1, 1, 0], [0, 0, 0, 1, 0, 1, 0, 1, 0, 0, 0], [0, 1, 1, 1, 2, 1, 1, 4, 1, 1, 0], [0, 1, 0, 2, 0, 0, 0, 1, 0, 1, 0], [0, 1, 0, 2, 0, 1, 0, 1, 0, 1, 0], [0, 1, 0, 2, 0, 1, 1, 1, 0, 1, 0], [0, 2, 0, 2, 0, 1, 1, 1, 0, 1, 0], [0, 2, 0, 2, 0, 1, 0, 1, 0, 1, 0], [0, 2, 0, 2, 0, 0, 0, 1, 0, 1, 0], [0, 2, 2, 2, 2, 2, 2, 1, 1, 1, 0], [0, 0, 0, 2, 0, 2, 0, 1, 0, 0, 0], [0, 2, 2, 2, 0, 2, 0, 1, 1, 1, 0], [0, 2, 0, 2, 2, 1, 1, 1, 0, 1, 0], [0, 2, 0, 0, 0, 1, 0, 0, 0, 1, 0], [0, 3, 2, 2, 2, 1, 1, 1, 1, 1, 0], [0, 0, 0, 0, 0, 0, 0, 0, 0, 0, 0]]"
2026-05-29T19:11:56.184879,0,West,765.0,False,False,False,"[[0, 0, 0, 0, 0, 0, 0, 0, 0, 0, 0], [0, 1, 1, 1, 1, 1, 1, 1, 1, 1, 0], [0, 1, 0, 0, 0, 1, 0, 0, 0, 1, 0], [0, 1, 0, 1, 1, 1, 1, 1, 0, 1, 0], [0, 1, 4, 5, 0, 1, 0, 1, 1, 1, 0], [0, 0, 0, 1, 0, 1, 0, 4, 0, 0, 0], [0, 1, 1, 1, 2, 1, 1, 1, 1, 1, 0], [0, 1, 0, 2, 0, 0, 0, 1, 0, 1, 0], [0, 1, 0, 2, 0, 1, 0, 1, 0, 1, 0], [0, 1, 0, 2, 0, 1, 1, 1, 0, 1, 0], [0, 2, 0, 2, 0, 1, 1, 1, 0, 1, 0], [0, 2, 0, 2, 0, 1, 0, 1, 0, 1, 0], [0, 2, 0, 2, 0, 0, 0, 1, 0, 1, 0], [0, 2, 2, 2, 2, 2, 2, 1, 1, 1, 0], [0, 0, 0, 2, 0, 2, 0, 1, 0, 0, 0], [0, 2, 2, 2, 0, 2, 0, 1, 1, 1, 0], [0, 2, 0, 2, 2, 1, 1, 1, 0, 1, 0], [0, 2, 0, 0, 0, 1, 0, 0, 0, 1, 0], [0, 3, 2, 2, 2, 1, 1, 1, 1, 1, 0], [0, 0, 0, 0, 0, 0, 0, 0, 0, 0, 0]]"
2026-05-29T19:11:56.187253,0,North,764.0,False,False,False,"[[0, 0, 0, 0, 0, 0, 0, 0, 0, 0, 0], [0, 1, 1, 1, 1, 1, 1, 1, 1, 1, 0], [0, 1, 0, 0, 0, 1, 0, 0, 0, 1, 0], [0, 1, 0, 5, 1, 1, 1, 1, 0, 1, 0], [0, 1, 1, 4, 0, 1, 0, 4, 1, 1, 0], [0, 0, 0, 1, 0, 1, 0, 1, 0, 0, 0], [0, 1, 1, 1, 2, 1, 1, 1, 1, 1, 0], [0, 1, 0, 2, 0, 0, 0, 1, 0, 1, 0], [0, 1, 0, 2, 0, 1, 0, 1, 0, 1, 0], [0, 1, 0, 2, 0, 1, 1, 1, 0, 1, 0], [0, 2, 0, 2, 0, 1, 1, 1, 0, 1, 0], [0, 2, 0, 2, 0, 1, 0, 1, 0, 1, 0], [0, 2, 0, 2, 0, 0, 0, 1, 0, 1, 0], [0, 2, 2, 2, 2, 2, 2, 1, 1, 1, 0], [0, 0, 0, 2, 0, 2, 0, 1, 0, 0, 0], [0, 2, 2, 2, 0, 2, 0, 1, 1, 1, 0], [0, 2, 0, 2, 2, 1, 1, 1, 0, 1, 0], [0, 2, 0, 0, 0, 1, 0, 0, 0, 1, 0], [0, 3, 2, 2, 2, 1, 1, 1, 1, 1, 0], [0, 0, 0, 0, 0, 0, 0, 0, 0, 0, 0]]"
2026-05-29T19:11:56.188530,0,North,763.0,False,False,False,"[[0, 0, 0, 0, 0, 0, 0, 0, 0, 0, 0], [0, 1, 1, 1, 1, 1, 1, 1, 1, 1, 0], [0, 1, 0, 0, 0, 1, 0, 0, 0, 1, 0], [0, 1, 0, 4, 5, 1, 1, 4, 0, 1, 0], [0, 1, 1, 1, 0, 1, 0, 1, 1, 1, 0], [0, 0, 0, 1, 0, 1, 0, 1, 0, 0, 0], [0, 1, 1, 1, 2, 1, 1, 1, 1, 1, 0], [0, 1, 0, 2, 0, 0, 0, 1, 0, 1, 0], [0, 1, 0, 2, 0, 1, 0, 1, 0, 1, 0], [0, 1, 0, 2, 0, 1, 1, 1, 0, 1, 0], [0, 2, 0, 2, 0, 1, 1, 1, 0, 1, 0], [0, 2, 0, 2, 0, 1, 0, 1, 0, 1, 0], [0, 2, 0, 2, 0, 0, 0, 1, 0, 1, 0], [0, 2, 2, 2, 2, 2, 2, 1, 1, 1, 0], [0, 0, 0, 2, 0, 2, 0, 1, 0, 0, 0], [0, 2, 2, 2, 0, 2, 0, 1, 1, 1, 0], [0, 2, 0, 2, 2, 1, 1, 1, 0, 1, 0], [0, 2, 0, 0, 0, 1, 0, 0, 0, 1, 0], [0, 3, 2, 2, 2, 1, 1, 1, 1, 1, 0], [0, 0, 0, 0, 0, 0, 0, 0, 0, 0, 0]]"
2026-05-29T19:11:56.191282,0,West,762.0,False,False,False,"[[0, 0, 0, 0, 0, 0, 0, 0, 0, 0, 0], [0, 1, 1, 1, 1, 1, 1, 1, 1, 1, 0], [0, 1, 0, 0, 0, 1, 0, 0, 0, 1, 0], [0, 1, 0, 1, 4, 5, 4, 1, 0, 1, 0], [0, 1, 1, 1, 0, 1, 0, 1, 1, 1, 0], [0, 0, 0, 1, 0, 1, 0, 1, 0, 0, 0], [0, 1, 1, 1, 2, 1, 1, 1, 1, 1, 0], [0, 1, 0, 2, 0, 0, 0, 1, 0, 1, 0], [0, 1, 0, 2, 0, 1, 0, 1, 0, 1, 0], [0, 1, 0, 2, 0, 1, 1, 1, 0, 1, 0], [0, 2, 0, 2, 0, 1, 1, 1, 0, 1, 0], [0, 2, 0, 2, 0, 1, 0, 1, 0, 1, 0], [0, 2, 0, 2, 0, 0, 0, 1, 0, 1, 0], [0, 2, 2, 2, 2, 2, 2, 1, 1, 1, 0], [0, 0, 0, 2, 0, 2, 0, 1, 0, 0, 0], [0, 2, 2, 2, 0, 2, 0, 1, 1, 1, 0], [0, 2, 0, 2, 2, 1, 1, 1, 0, 1, 0], [0, 2, 0, 0, 0, 1, 0, 0, 0, 1, 0], [0, 3, 2, 2, 2, 1, 1, 1, 1, 1, 0], [0, 0, 0, 0, 0, 0, 0, 0, 0, 0, 0]]"
2026-05-29T19:11:56.194981,0,West,761.0,False,False,False,"[[0, 0, 0, 0, 0, 0, 0, 0, 0, 0, 0], [0, 1, 1, 1, 1, 1, 1, 1, 1, 1, 0], [0, 1, 0, 0, 0, 5, 0, 0, 0, 1, 0], [0, 1, 0, 1, 1, 4, 1, 1, 0, 1, 0], [0, 1, 1, 1, 0, 1, 0, 1, 1, 1, 0], [0, 0, 0, 1, 0, 1, 0, 1, 0, 0, 0], [0, 1, 1, 1, 2, 1, 1, 1, 1, 1, 0], [0, 1, 0, 2, 0, 0, 0, 1, 0, 1, 0], [0, 1, 0, 2, 0, 1, 0, 1, 0, 1, 0], [0, 1, 0, 2, 0, 1, 1, 1, 0, 1, 0], [0, 2, 0, 2, 0, 1, 1, 1, 0, 1, 0], [0, 2, 0, 2, 0, 1, 0, 1, 0, 1, 0], [0, 2, 0, 2, 0, 0, 0, 1, 0, 1, 0], [0, 2, 2, 2, 2, 2, 2, 1, 1, 1, 0], [0, 0, 0, 2, 0, 2, 0, 1, 0, 0, 0], [0, 2, 2, 2, 0, 2, 0, 1, 1, 1, 0], [0, 2, 0, 2, 2, 1, 1, 1, 0, 1, 0], [0, 2, 0, 0, 0, 1, 0, 0, 0, 1, 0], [0, 3, 2, 2, 2, 1, 1, 1, 1, 1, 0], [0, 0, 0, 0, 0, 0, 0, 0, 0, 0, 0]]"
2026-05-29T19:11:56.196944,0,North,760.0,False,False,False,"[[0, 0, 0, 0, 0, 0, 0, 0, 0, 0, 0], [0, 1, 1, 1, 1, 5, 1, 1, 1, 1, 0], [0, 1, 0, 0, 0, 4, 0, 0, 0, 1, 0], [0, 1, 0, 1, 1, 1, 1, 1, 0, 1, 0], [0, 1, 1, 1, 0, 1, 0, 1, 1, 1, 0], [0, 0, 0, 1, 0, 1, 0, 1, 0, 0, 0], [0, 1, 1, 1, 2, 1, 1, 1, 1, 1, 0], [0, 1, 0, 2, 0, 0, 0, 1, 0, 1, 0], [0, 1, 0, 2, 0, 1, 0, 1, 0, 1, 0], [0, 1, 0, 2, 0, 1, 1, 1, 0, 1, 0], [0, 2, 0, 2, 0, 1, 1, 1, 0, 1, 0], [0, 2, 0, 2, 0, 1, 0, 1, 0, 1, 0], [0, 2, 0, 2, 0, 0, 0, 1, 0, 1, 0], [0, 2, 2, 2, 2, 2, 2, 1, 1, 1, 0], [0, 0, 0, 2, 0, 2, 0, 1, 0, 0, 0], [0, 2, 2, 2, 0, 2, 0, 1, 1, 1, 0], [0, 2, 0, 2, 2, 1, 1, 1, 0, 1, 0], [0, 2, 0, 0, 0, 1, 0, 0, 0, 1, 0], [0, 3, 2, 2, 2, 1, 1, 1, 1, 1, 0], [0, 0, 0, 0, 0, 0, 0, 0, 0, 0, 0]]"
2026-05-29T19:11:56.199442,0,North,759.0,False,False,False,"[[0, 0, 0, 0, 0, 0, 0, 0, 0, 0, 0], [0, 1, 1, 1, 1, 4, 5, 1, 1, 1, 0], [0, 1, 0, 0, 0, 1, 0, 0, 0, 1, 0], [0, 1, 0, 1, 1, 1, 1, 1, 0, 1, 0], [0, 1, 1, 1, 0, 1, 0, 1, 1, 1, 0], [0, 0, 0, 1, 0, 1, 0, 1, 0, 0, 0], [0, 1, 1, 1, 2, 1, 1, 1, 1, 1, 0], [0, 1, 0, 2, 0, 0, 0, 1, 0, 1, 0], [0, 1, 0, 2, 0, 1, 0, 1, 0, 1, 0], [0, 1, 0, 2, 0, 1, 1, 1, 0, 1, 0], [0, 2, 0, 2, 0, 1, 1, 1, 0, 1, 0], [0, 2, 0, 2, 0, 1, 0, 1, 0, 1, 0], [0, 2, 0, 2, 0, 0, 0, 1, 0, 1, 0], [0, 2, 2, 2, 2, 2, 2, 1, 1, 1, 0], [0, 0, 0, 2, 0, 2, 0, 1, 0, 0, 0], [0, 2, 2, 2, 0, 2, 0, 1, 1, 1, 0], [0, 2, 0, 2, 2, 1, 1, 1, 0, 1, 0], [0, 2, 0, 0, 0, 1, 0, 0, 0, 1, 0], [0, 3, 2, 2, 2, 1, 1, 1, 1, 1, 0], [0, 0, 0, 0, 0, 0, 0, 0, 0, 0, 0]]"
2026-05-29T19:11:56.200840,0,North,758.0,False,False,False,"[[0, 0, 0, 0, 0, 0, 0, 0, 0, 0, 0], [0, 1, 1, 1, 1, 1, 4, 5, 1, 1, 0], [0, 1, 0, 0, 0, 1, 0, 0, 0, 1, 0], [0, 1, 0, 1, 1, 1, 1, 1, 0, 1, 0], [0, 1, 1, 1, 0, 1, 0, 1, 1, 1, 0], [0, 0, 0, 1, 0, 1, 0, 1, 0, 0, 0], [0, 1, 1, 1, 2, 1, 1, 1, 1, 1, 0], [0, 1, 0, 2, 0, 0, 0, 1, 0, 1, 0], [0, 1, 0, 2, 0, 1, 0, 1, 0, 1, 0], [0, 1, 0, 2, 0, 1, 1, 1, 0, 1, 0], [0, 2, 0, 2, 0, 1, 1, 1, 0, 1, 0], [0, 2, 0, 2, 0, 1, 0, 1, 0, 1, 0], [0, 2, 0, 2, 0, 0, 0, 1, 0, 1, 0], [0, 2, 2, 2, 2, 2, 2, 1, 1, 1, 0], [0, 0, 0, 2, 0, 2, 0, 1, 0, 0, 0], [0, 2, 2, 2, 0, 2, 0, 1, 1, 1, 0], [0, 2, 0, 2, 2, 1, 1, 1, 0, 1, 0], [0, 2, 0, 0, 0, 1, 0, 0, 0, 1, 0], [0, 3, 2, 2, 2, 1, 1, 1, 1, 1, 0], [0, 0, 0, 0, 0, 0, 0, 0, 0, 0, 0]]"
2026-05-29T19:11:56.202108,0,North,757.0,False,False,False,"[[0, 0, 0, 0, 0, 0, 0, 0, 0, 0, 0], [0, 1, 1, 1, 1, 1, 1, 4, 5, 1, 0], [0, 1, 0, 0, 0, 1, 0, 0, 0, 1, 0], [0, 1, 0, 1, 1, 1, 1, 1, 0, 1, 0], [0, 1, 1, 1, 0, 1, 0, 1, 1, 1, 0], [0, 0, 0, 1, 0, 1, 0, 1, 0, 0, 0], [0, 1, 1, 1, 2, 1, 1, 1, 1, 1, 0], [0, 1, 0, 2, 0, 0, 0, 1, 0, 1, 0], [0, 1, 0, 2, 0, 1, 0, 1, 0, 1, 0], [0, 1, 0, 2, 0, 1, 1, 1, 0, 1, 0], [0, 2, 0, 2, 0, 1, 1, 1, 0, 1, 0], [0, 2, 0, 2, 0, 1, 0, 1, 0, 1, 0], [0, 2, 0, 2, 0, 0, 0, 1, 0, 1, 0], [0, 2, 2, 2, 2, 2, 2, 1, 1, 1, 0], [0, 0, 0, 2, 0, 2, 0, 1, 0, 0, 0], [0, 2, 2, 2, 0, 2, 0, 1, 1, 1, 0], [0, 2, 0, 2, 2, 1, 1, 1, 0, 1, 0], [0, 2, 0, 0, 0, 1, 0, 0, 0, 1, 0], [0, 3, 2, 2, 2, 1, 1, 1, 1, 1, 0], [0, 0, 0, 0, 0, 0, 0, 0, 0, 0, 0]]"
2026-05-29T19:11:56.203284,0,East,756.0,False,False,False,"[[0, 0, 0, 0, 0, 0, 0, 0, 0, 0, 0], [0, 1, 1, 1, 1, 1, 1, 1, 4, 5, 0], [0, 1, 0, 0, 0, 1, 0, 0, 0, 1, 0], [0, 1, 0, 1, 1, 1, 1, 1, 0, 1, 0], [0, 1, 1, 1, 0, 1, 0, 1, 1, 1, 0], [0, 0, 0, 1, 0, 1, 0, 1, 0, 0, 0], [0, 1, 1, 1, 2, 1, 1, 1, 1, 1, 0], [0, 1, 0, 2, 0, 0, 0, 1, 0, 1, 0], [0, 1, 0, 2, 0, 1, 0, 1, 0, 1, 0], [0, 1, 0, 2, 0, 1, 1, 1, 0, 1, 0], [0, 2, 0, 2, 0, 1, 1, 1, 0, 1, 0], [0, 2, 0, 2, 0, 1, 0, 1, 0, 1, 0], [0, 2, 0, 2, 0, 0, 0, 1, 0, 1, 0], [0, 2, 2, 2, 2, 2, 2, 1, 1, 1, 0], [0, 0, 0, 2, 0, 2, 0, 1, 0, 0, 0], [0, 2, 2, 2, 0, 2, 0, 1, 1, 1, 0], [0, 2, 0, 2, 2, 1, 1, 1, 0, 1, 0], [0, 2, 0, 0, 0, 1, 0, 0, 0, 1, 0], [0, 3, 2, 2, 2, 1, 1, 1, 1, 1, 0], [0, 0, 0, 0, 0, 0, 0, 0, 0, 0, 0]]"
2026-05-29T19:11:56.204398,0,East,755.0,False,False,False,"[[0, 0, 0, 0, 0, 0, 0, 0, 0, 0, 0], [0, 1, 1, 1, 1, 1, 1, 1, 1, 4, 0], [0, 1, 0, 0, 0, 1, 0, 0, 0, 5, 0], [0, 1, 0, 1, 1, 1, 1, 1, 0, 1, 0], [0, 1, 1, 1, 0, 1, 0, 1, 1, 1, 0], [0, 0, 0, 1, 0, 1, 0, 1, 0, 0, 0], [0, 1, 1, 1, 2, 1, 1, 1, 1, 1, 0], [0, 1, 0, 2, 0, 0, 0, 1, 0, 1, 0], [0, 1, 0, 2, 0, 1, 0, 1, 0, 1, 0], [0, 1, 0, 2, 0, 1, 1, 1, 0, 1, 0], [0, 2, 0, 2, 0, 1, 1, 1, 0, 1, 0], [0, 2, 0, 2, 0, 1, 0, 1, 0, 1, 0], [0, 2, 0, 2, 0, 0, 0, 1, 0, 1, 0], [0, 2, 2, 2, 2, 2, 2, 1, 1, 1, 0], [0, 0, 0, 2, 0, 2, 0, 1, 0, 0, 0], [0, 2, 2, 2, 0, 2, 0, 1, 1, 1, 0], [0, 2, 0, 2, 2, 1, 1, 1, 0, 1, 0], [0, 2, 0, 0, 0, 1, 0, 0, 0, 1, 0], [0, 3, 2, 2, 2, 1, 1, 1, 1, 1, 0], [0, 0, 0, 0, 0, 0, 0, 0, 0, 0, 0]]"
2026-05-29T19:11:56.205641,0,East,754.0,False,False,False,"[[0, 0, 0, 0, 0, 0, 0, 0, 0, 0, 0], [0, 1, 1, 1, 1, 1, 1, 1, 1, 1, 0], [0, 1, 0, 0, 0, 1, 0, 0, 0, 4, 0], [0, 1, 0, 1, 1, 1, 1, 1, 0, 5, 0], [0, 1, 1, 1, 0, 1, 0, 1, 1, 1, 0], [0, 0, 0, 1, 0, 1, 0, 1, 0, 0, 0], [0, 1, 1, 1, 2, 1, 1, 1, 1, 1, 0], [0, 1, 0, 2, 0, 0, 0, 1, 0, 1, 0], [0, 1, 0, 2, 0, 1, 0, 1, 0, 1, 0], [0, 1, 0, 2, 0, 1, 1, 1, 0, 1, 0], [0, 2, 0, 2, 0, 1, 1, 1, 0, 1, 0], [0, 2, 0, 2, 0, 1, 0, 1, 0, 1, 0], [0, 2, 0, 2, 0, 0, 0, 1, 0, 1, 0], [0, 2, 2, 2, 2, 2, 2, 1, 1, 1, 0], [0, 0, 0, 2, 0, 2, 0, 1, 0, 0, 0], [0, 2, 2, 2, 0, 2, 0, 1, 1, 1, 0], [0, 2, 0, 2, 2, 1, 1, 1, 0, 1, 0], [0, 2, 0, 0, 0, 1, 0, 0, 0, 1, 0], [0, 3, 2, 2, 2, 1, 1, 1, 1, 1, 0], [0, 0, 0, 0, 0, 0, 0, 0, 0, 0, 0]]"
2026-05-29T19:11:56.206786,0,South,753.0,False,False,False,"[[0, 0, 0, 0, 0, 0, 0, 0, 0, 0, 0], [0, 1, 1, 1, 1, 1, 1, 1, 1, 1, 0], [0, 1, 0, 0, 0, 1, 0, 0, 0, 1, 0], [0, 1, 0, 1, 1, 1, 1, 1, 0, 4, 0], [0, 1, 1, 1, 0, 1, 0, 1, 1, 5, 0], [0, 0, 0, 1, 0, 1, 0, 1, 0, 0, 0], [0, 1, 1, 1, 2, 1, 1, 1, 1, 1, 0], [0, 1, 0, 2, 0, 0, 0, 1, 0, 1, 0], [0, 1, 0, 2, 0, 1, 0, 1, 0, 1, 0], [0, 1, 0, 2, 0, 1, 1, 1, 0, 1, 0], [0, 2, 0, 2, 0, 1, 1, 1, 0, 1, 0], [0, 2, 0, 2, 0, 1, 0, 1, 0, 1, 0], [0, 2, 0, 2, 0, 0, 0, 1, 0, 1, 0], [0, 2, 2, 2, 2, 2, 2, 1, 1, 1, 0], [0, 0, 0, 2, 0, 2, 0, 1, 0, 0, 0], [0, 2, 2, 2, 0, 2, 0, 1, 1, 1, 0], [0, 2, 0, 2, 2, 1, 1, 1, 0, 1, 0], [0, 2, 0, 0, 0, 1, 0, 0, 0, 1, 0], [0, 3, 2, 2, 2, 1, 1, 1, 1, 1, 0], [0, 0, 0, 0, 0, 0, 0, 0, 0, 0, 0]]"
2026-05-29T19:11:56.208014,0,South,752.0,False,False,False,"[[0, 0, 0, 0, 0, 0, 0, 0, 0, 0, 0], [0, 1, 1, 1, 1, 1, 1, 1, 1, 1, 0], [0, 1, 0, 0, 0, 1, 0, 0, 0, 1, 0], [0, 1, 0, 1, 1, 1, 1, 1, 0, 1, 0], [0, 1, 1, 1, 0, 1, 0, 1, 5, 4, 0], [0, 0, 0, 1, 0, 1, 0, 1, 0, 0, 0], [0, 1, 1, 1, 2, 1, 1, 1, 1, 1, 0], [0, 1, 0, 2, 0, 0, 0, 1, 0, 1, 0], [0, 1, 0, 2, 0, 1, 0, 1, 0, 1, 0], [0, 1, 0, 2, 0, 1, 1, 1, 0, 1, 0], [0, 2, 0, 2, 0, 1, 1, 1, 0, 1, 0], [0, 2, 0, 2, 0, 1, 0, 1, 0, 1, 0], [0, 2, 0, 2, 0, 0, 0, 1, 0, 1, 0], [0, 2, 2, 2, 2, 2, 2, 1, 1, 1, 0], [0, 0, 0, 2, 0, 2, 0, 1, 0, 0, 0], [0, 2, 2, 2, 0, 2, 0, 1, 1, 1, 0], [0, 2, 0, 2, 2, 1, 1, 1, 0, 1, 0], [0, 2, 0, 0, 0, 1, 0, 0, 0, 1, 0], [0, 3, 2, 2, 2, 1, 1, 1, 1, 1, 0], [0, 0, 0, 0, 0, 0, 0, 0, 0, 0, 0]]"
2026-05-29T19:11:56.209863,0,West,751.0,False,False,False,"[[0, 0, 0, 0, 0, 0, 0, 0, 0, 0, 0], [0, 1, 1, 1, 1, 1, 1, 1, 1, 1, 0], [0, 1, 0, 0, 0, 1, 0, 0, 0, 1, 0], [0, 1, 0, 1, 1, 1, 1, 1, 0, 1, 0], [0, 1, 1, 1, 0, 1, 0, 5, 4, 1, 0], [0, 0, 0, 1, 0, 1, 0, 1, 0, 0, 0], [0, 1, 1, 1, 2, 1, 1, 1, 1, 1, 0], [0, 1, 0, 2, 0, 0, 0, 1, 0, 1, 0], [0, 1, 0, 2, 0, 1, 0, 1, 0, 1, 0], [0, 1, 0, 2, 0, 1, 1, 1, 0, 1, 0], [0, 2, 0, 2, 0, 1, 1, 1, 0, 1, 0], [0, 2, 0, 2, 0, 1, 0, 1, 0, 1, 0], [0, 2, 0, 2, 0, 0, 0, 1, 0, 1, 0], [0, 2, 2, 2, 2, 2, 2, 1, 1, 1, 0], [0, 0, 0, 2, 0, 2, 0, 1, 0, 0, 0], [0, 2, 2, 2, 0, 2, 0, 1, 1, 1, 0], [0, 2, 0, 2, 2, 1, 1, 1, 0, 1, 0], [0, 2, 0, 0, 0, 1, 0, 0, 0, 1, 0], [0, 3, 2, 2, 2, 1, 1, 1, 1, 1, 0], [0, 0, 0, 0, 0, 0, 0, 0, 0, 0, 0]]"
2026-05-29T19:11:56.212861,0,South,750.0,False,False,False,"[[0, 0, 0, 0, 0, 0, 0, 0, 0, 0, 0], [0, 1, 1, 1, 1, 1, 1, 1, 1, 1, 0], [0, 1, 0, 0, 0, 1, 0, 0, 0, 1, 0], [0, 1, 0, 1, 1, 1, 1, 5, 0, 1, 0], [0, 1, 1, 1, 0, 1, 0, 4, 1, 1, 0], [0, 0, 0, 1, 0, 1, 0, 1, 0, 0, 0], [0, 1, 1, 1, 2, 1, 1, 1, 1, 1, 0], [0, 1, 0, 2, 0, 0, 0, 1, 0, 1, 0], [0, 1, 0, 2, 0, 1, 0, 1, 0, 1, 0], [0, 1, 0, 2, 0, 1, 1, 1, 0, 1, 0], [0, 2, 0, 2, 0, 1, 1, 1, 0, 1, 0], [0, 2, 0, 2, 0, 1, 0, 1, 0, 1, 0], [0, 2, 0, 2, 0, 0, 0, 1, 0, 1, 0], [0, 2, 2, 2, 2, 2, 2, 1, 1, 1, 0], [0, 0, 0, 2, 0, 2, 0, 1, 0, 0, 0], [0, 2, 2, 2, 0, 2, 0, 1, 1, 1, 0], [0, 2, 0, 2, 2, 1, 1, 1, 0, 1, 0], [0, 2, 0, 0, 0, 1, 0, 0, 0, 1, 0], [0, 3, 2, 2, 2, 1, 1, 1, 1, 1, 0], [0, 0, 0, 0, 0, 0, 0, 0, 0, 0, 0]]"
2026-05-29T19:11:56.214628,0,South,749.0,False,False,False,"[[0, 0, 0, 0, 0, 0, 0, 0, 0, 0, 0], [0, 1, 1, 1, 1, 1, 1, 1, 1, 1, 0], [0, 1, 0, 0, 0, 1, 0, 0, 0, 1, 0], [0, 1, 0, 1, 1, 1, 5, 4, 0, 1, 0], [0, 1, 1, 1, 0, 1, 0, 1, 1, 1, 0], [0, 0, 0, 1, 0, 1, 0, 1, 0, 0, 0], [0, 1, 1, 1, 2, 1, 1, 1, 1, 1, 0], [0, 1, 0, 2, 0, 0, 0, 1, 0, 1, 0], [0, 1, 0, 2, 0, 1, 0, 1, 0, 1, 0], [0, 1, 0, 2, 0, 1, 1, 1, 0, 1, 0], [0, 2, 0, 2, 0, 1, 1, 1, 0, 1, 0], [0, 2, 0, 2, 0, 1, 0, 1, 0, 1, 0], [0, 2, 0, 2, 0, 0, 0, 1, 0, 1, 0], [0, 2, 2, 2, 2, 2, 2, 1, 1, 1, 0], [0, 0, 0, 2, 0, 2, 0, 1, 0, 0, 0], [0, 2, 2, 2, 0, 2, 0, 1, 1, 1, 0], [0, 2, 0, 2, 2, 1, 1, 1, 0, 1, 0], [0, 2, 0, 0, 0, 1, 0, 0, 0, 1, 0], [0, 3, 2, 2, 2, 1, 1, 1, 1, 1, 0], [0, 0, 0, 0, 0, 0, 0, 0, 0, 0, 0]]"
2026-05-29T19:11:56.217204,0,West,748.0,False,False,False,"[[0, 0, 0, 0, 0, 0, 0, 0, 0, 0, 0], [0, 1, 1, 1, 1, 1, 1, 1, 1, 1, 0], [0, 1, 0, 0, 0, 1, 0, 0, 0, 1, 0], [0, 1, 0, 1, 1, 5, 4, 1, 0, 1, 0], [0, 1, 1, 1, 0, 1, 0, 1, 1, 1, 0], [0, 0, 0, 1, 0, 1, 0, 1, 0, 0, 0], [0, 1, 1, 1, 2, 1, 1, 1, 1, 1, 0], [0, 1, 0, 2, 0, 0, 0, 1, 0, 1, 0], [0, 1, 0, 2, 0, 1, 0, 1, 0, 1, 0], [0, 1, 0, 2, 0, 1, 1, 1, 0, 1, 0], [0, 2, 0, 2, 0, 1, 1, 1, 0, 1, 0], [0, 2, 0, 2, 0, 1, 0, 1, 0, 1, 0], [0, 2, 0, 2, 0, 0, 0, 1, 0, 1, 0], [0, 2, 2, 2, 2, 2, 2, 1, 1, 1, 0], [0, 0, 0, 2, 0, 2, 0, 1, 0, 0, 0], [0, 2, 2, 2, 0, 2, 0, 1, 1, 1, 0], [0, 2, 0, 2, 2, 1, 1, 1, 0, 1, 0], [0, 2, 0, 0, 0, 1, 0, 0, 0, 1, 0], [0, 3, 2, 2, 2, 1, 1, 1, 1, 1, 0], [0, 0, 0, 0, 0, 0, 0, 0, 0, 0, 0]]"
2026-05-29T19:11:56.220464,0,West,747.0,False,False,False,"[[0, 0, 0, 0, 0, 0, 0, 0, 0, 0, 0], [0, 1, 1, 1, 1, 1, 1, 1, 1, 1, 0], [0, 1, 0, 0, 0, 5, 0, 0, 0, 1, 0], [0, 1, 0, 1, 1, 4, 1, 1, 0, 1, 0], [0, 1, 1, 1, 0, 1, 0, 1, 1, 1, 0], [0, 0, 0, 1, 0, 1, 0, 1, 0, 0, 0], [0, 1, 1, 1, 2, 1, 1, 1, 1, 1, 0], [0, 1, 0, 2, 0, 0, 0, 1, 0, 1, 0], [0, 1, 0, 2, 0, 1, 0, 1, 0, 1, 0], [0, 1, 0, 2, 0, 1, 1, 1, 0, 1, 0], [0, 2, 0, 2, 0, 1, 1, 1, 0, 1, 0], [0, 2, 0, 2, 0, 1, 0, 1, 0, 1, 0], [0, 2, 0, 2, 0, 0, 0, 1, 0, 1, 0], [0, 2, 2, 2, 2, 2, 2, 1, 1, 1, 0], [0, 0, 0, 2, 0, 2, 0, 1, 0, 0, 0], [0, 2, 2, 2, 0, 2, 0, 1, 1, 1, 0], [0, 2, 0, 2, 2, 1, 1, 1, 0, 1, 0], [0, 2, 0, 0, 0, 1, 0, 0, 0, 1, 0], [0, 3, 2, 2, 2, 1, 1, 1, 1, 1, 0], [0, 0, 0, 0, 0, 0, 0, 0, 0, 0, 0]]"
2026-05-29T19:11:56.222229,0,North,746.0,False,False,False,"[[0, 0, 0, 0, 0, 0, 0, 0, 0, 0, 0], [0, 1, 1, 1, 1, 5, 1, 1, 1, 1, 0], [0, 1, 0, 0, 0, 4, 0, 0, 0, 1, 0], [0, 1, 0, 1, 1, 1, 1, 1, 0, 1, 0], [0, 1, 1, 1, 0, 1, 0, 1, 1, 1, 0], [0, 0, 0, 1, 0, 1, 0, 1, 0, 0, 0], [0, 1, 1, 1, 2, 1, 1, 1, 1, 1, 0], [0, 1, 0, 2, 0, 0, 0, 1, 0, 1, 0], [0, 1, 0, 2, 0, 1, 0, 1, 0, 1, 0], [0, 1, 0, 2, 0, 1, 1, 1, 0, 1, 0], [0, 2, 0, 2, 0, 1, 1, 1, 0, 1, 0], [0, 2, 0, 2, 0, 1, 0, 1, 0, 1, 0], [0, 2, 0, 2, 0, 0, 0, 1, 0, 1, 0], [0, 2, 2, 2, 2, 2, 2, 1, 1, 1, 0], [0, 0, 0, 2, 0, 2, 0, 1, 0, 0, 0], [0, 2, 2, 2, 0, 2, 0, 1, 1, 1, 0], [0, 2, 0, 2, 2, 1, 1, 1, 0, 1, 0], [0, 2, 0, 0, 0, 1, 0, 0, 0, 1, 0], [0, 3, 2, 2, 2, 1, 1, 1, 1, 1, 0], [0, 0, 0, 0, 0, 0, 0, 0, 0, 0, 0]]"
2026-05-29T19:11:56.224578,0,North,745.0,False,False,False,"[[0, 0, 0, 0, 0, 0, 0, 0, 0, 0, 0], [0, 1, 1, 1, 1, 4, 5, 1, 1, 1, 0], [0, 1, 0, 0, 0, 1, 0, 0, 0, 1, 0], [0, 1, 0, 1, 1, 1, 1, 1, 0, 1, 0], [0, 1, 1, 1, 0, 1, 0, 1, 1, 1, 0], [0, 0, 0, 1, 0, 1, 0, 1, 0, 0, 0], [0, 1, 1, 1, 2, 1, 1, 1, 1, 1, 0], [0, 1, 0, 2, 0, 0, 0, 1, 0, 1, 0], [0, 1, 0, 2, 0, 1, 0, 1, 0, 1, 0], [0, 1, 0, 2, 0, 1, 1, 1, 0, 1, 0], [0, 2, 0, 2, 0, 1, 1, 1, 0, 1, 0], [0, 2, 0, 2, 0, 1, 0, 1, 0, 1, 0], [0, 2, 0, 2, 0, 0, 0, 1, 0, 1, 0], [0, 2, 2, 2, 2, 2, 2, 1, 1, 1, 0], [0, 0, 0, 2, 0, 2, 0, 1, 0, 0, 0], [0, 2, 2, 2, 0, 2, 0, 1, 1, 1, 0], [0, 2, 0, 2, 2, 1, 1, 1, 0, 1, 0], [0, 2, 0, 0, 0, 1, 0, 0, 0, 1, 0], [0, 3, 2, 2, 2, 1, 1, 1, 1, 1, 0], [0, 0, 0, 0, 0, 0, 0, 0, 0, 0, 0]]"
2026-05-29T19:11:56.225880,0,North,744.0,False,False,False,"[[0, 0, 0, 0, 0, 0, 0, 0, 0, 0, 0], [0, 1, 1, 1, 1, 1, 4, 5, 1, 1, 0], [0, 1, 0, 0, 0, 1, 0, 0, 0, 1, 0], [0, 1, 0, 1, 1, 1, 1, 1, 0, 1, 0], [0, 1, 1, 1, 0, 1, 0, 1, 1, 1, 0], [0, 0, 0, 1, 0, 1, 0, 1, 0, 0, 0], [0, 1, 1, 1, 2, 1, 1, 1, 1, 1, 0], [0, 1, 0, 2, 0, 0, 0, 1, 0, 1, 0], [0, 1, 0, 2, 0, 1, 0, 1, 0, 1, 0], [0, 1, 0, 2, 0, 1, 1, 1, 0, 1, 0], [0, 2, 0, 2, 0, 1, 1, 1, 0, 1, 0], [0, 2, 0, 2, 0, 1, 0, 1, 0, 1, 0], [0, 2, 0, 2, 0, 0, 0, 1, 0, 1, 0], [0, 2, 2, 2, 2, 2, 2, 1, 1, 1, 0], [0, 0, 0, 2, 0, 2, 0, 1, 0, 0, 0], [0, 2, 2, 2, 0, 2, 0, 1, 1, 1, 0], [0, 2, 0, 2, 2, 1, 1, 1, 0, 1, 0], [0, 2, 0, 0, 0, 1, 0, 0, 0, 1, 0], [0, 3, 2, 2, 2, 1, 1, 1, 1, 1, 0], [0, 0, 0, 0, 0, 0, 0, 0, 0, 0, 0]]"
2026-05-29T19:11:56.227113,0,North,743.0,False,False,False,"[[0, 0, 0, 0, 0, 0, 0, 0, 0, 0, 0], [0, 1, 1, 1, 1, 1, 1, 4, 5, 1, 0], [0, 1, 0, 0, 0, 1, 0, 0, 0, 1, 0], [0, 1, 0, 1, 1, 1, 1, 1, 0, 1, 0], [0, 1, 1, 1, 0, 1, 0, 1, 1, 1, 0], [0, 0, 0, 1, 0, 1, 0, 1, 0, 0, 0], [0, 1, 1, 1, 2, 1, 1, 1, 1, 1, 0], [0, 1, 0, 2, 0, 0, 0, 1, 0, 1, 0], [0, 1, 0, 2, 0, 1, 0, 1, 0, 1, 0], [0, 1, 0, 2, 0, 1, 1, 1, 0, 1, 0], [0, 2, 0, 2, 0, 1, 1, 1, 0, 1, 0], [0, 2, 0, 2, 0, 1, 0, 1, 0, 1, 0], [0, 2, 0, 2, 0, 0, 0, 1, 0, 1, 0], [0, 2, 2, 2, 2, 2, 2, 1, 1, 1, 0], [0, 0, 0, 2, 0, 2, 0, 1, 0, 0, 0], [0, 2, 2, 2, 0, 2, 0, 1, 1, 1, 0], [0, 2, 0, 2, 2, 1, 1, 1, 0, 1, 0], [0, 2, 0, 0, 0, 1, 0, 0, 0, 1, 0], [0, 3, 2, 2, 2, 1, 1, 1, 1, 1, 0], [0, 0, 0, 0, 0, 0, 0, 0, 0, 0, 0]]"
2026-05-29T19:11:56.228283,0,East,742.0,False,False,False,"[[0, 0, 0, 0, 0, 0, 0, 0, 0, 0, 0], [0, 1, 1, 1, 1, 1, 1, 1, 4, 5, 0], [0, 1, 0, 0, 0, 1, 0, 0, 0, 1, 0], [0, 1, 0, 1, 1, 1, 1, 1, 0, 1, 0], [0, 1, 1, 1, 0, 1, 0, 1, 1, 1, 0], [0, 0, 0, 1, 0, 1, 0, 1, 0, 0, 0], [0, 1, 1, 1, 2, 1, 1, 1, 1, 1, 0], [0, 1, 0, 2, 0, 0, 0, 1, 0, 1, 0], [0, 1, 0, 2, 0, 1, 0, 1, 0, 1, 0], [0, 1, 0, 2, 0, 1, 1, 1, 0, 1, 0], [0, 2, 0, 2, 0, 1, 1, 1, 0, 1, 0], [0, 2, 0, 2, 0, 1, 0, 1, 0, 1, 0], [0, 2, 0, 2, 0, 0, 0, 1, 0, 1, 0], [0, 2, 2, 2, 2, 2, 2, 1, 1, 1, 0], [0, 0, 0, 2, 0, 2, 0, 1, 0, 0, 0], [0, 2, 2, 2, 0, 2, 0, 1, 1, 1, 0], [0, 2, 0, 2, 2, 1, 1, 1, 0, 1, 0], [0, 2, 0, 0, 0, 1, 0, 0, 0, 1, 0], [0, 3, 2, 2, 2, 1, 1, 1, 1, 1, 0], [0, 0, 0, 0, 0, 0, 0, 0, 0, 0, 0]]"
2026-05-29T19:11:56.229486,0,East,741.0,False,False,False,"[[0, 0, 0, 0, 0, 0, 0, 0, 0, 0, 0], [0, 1, 1, 1, 1, 1, 1, 1, 1, 4, 0], [0, 1, 0, 0, 0, 1, 0, 0, 0, 5, 0], [0, 1, 0, 1, 1, 1, 1, 1, 0, 1, 0], [0, 1, 1, 1, 0, 1, 0, 1, 1, 1, 0], [0, 0, 0, 1, 0, 1, 0, 1, 0, 0, 0], [0, 1, 1, 1, 2, 1, 1, 1, 1, 1, 0], [0, 1, 0, 2, 0, 0, 0, 1, 0, 1, 0], [0, 1, 0, 2, 0, 1, 0, 1, 0, 1, 0], [0, 1, 0, 2, 0, 1, 1, 1, 0, 1, 0], [0, 2, 0, 2, 0, 1, 1, 1, 0, 1, 0], [0, 2, 0, 2, 0, 1, 0, 1, 0, 1, 0], [0, 2, 0, 2, 0, 0, 0, 1, 0, 1, 0], [0, 2, 2, 2, 2, 2, 2, 1, 1, 1, 0], [0, 0, 0, 2, 0, 2, 0, 1, 0, 0, 0], [0, 2, 2, 2, 0, 2, 0, 1, 1, 1, 0], [0, 2, 0, 2, 2, 1, 1, 1, 0, 1, 0], [0, 2, 0, 0, 0, 1, 0, 0, 0, 1, 0], [0, 3, 2, 2, 2, 1, 1, 1, 1, 1, 0], [0, 0, 0, 0, 0, 0, 0, 0, 0, 0, 0]]"
2026-05-29T19:11:56.230866,0,East,740.0,False,False,False,"[[0, 0, 0, 0, 0, 0, 0, 0, 0, 0, 0], [0, 1, 1, 1, 1, 1, 1, 1, 1, 1, 0], [0, 1, 0, 0, 0, 1, 0, 0, 0, 4, 0], [0, 1, 0, 1, 1, 1, 1, 1, 0, 5, 0], [0, 1, 1, 1, 0, 1, 0, 1, 1, 1, 0], [0, 0, 0, 1, 0, 1, 0, 1, 0, 0, 0], [0, 1, 1, 1, 2, 1, 1, 1, 1, 1, 0], [0, 1, 0, 2, 0, 0, 0, 1, 0, 1, 0], [0, 1, 0, 2, 0, 1, 0, 1, 0, 1, 0], [0, 1, 0, 2, 0, 1, 1, 1, 0, 1, 0], [0, 2, 0, 2, 0, 1, 1, 1, 0, 1, 0], [0, 2, 0, 2, 0, 1, 0, 1, 0, 1, 0], [0, 2, 0, 2, 0, 0, 0, 1, 0, 1, 0], [0, 2, 2, 2, 2, 2, 2, 1, 1, 1, 0], [0, 0, 0, 2, 0, 2, 0, 1, 0, 0, 0], [0, 2, 2, 2, 0, 2, 0, 1, 1, 1, 0], [0, 2, 0, 2, 2, 1, 1, 1, 0, 1, 0], [0, 2, 0, 0, 0, 1, 0, 0, 0, 1, 0], [0, 3, 2, 2, 2, 1, 1, 1, 1, 1, 0], [0, 0, 0, 0, 0, 0, 0, 0, 0, 0, 0]]"
2026-05-29T19:11:56.232489,0,South,739.0,False,False,False,"[[0, 0, 0, 0, 0, 0, 0, 0, 0, 0, 0], [0, 1, 1, 1, 1, 1, 1, 1, 1, 1, 0], [0, 1, 0, 0, 0, 1, 0, 0, 0, 1, 0], [0, 1, 0, 1, 1, 1, 1, 1, 0, 4, 0], [0, 1, 1, 1, 0, 1, 0, 1, 1, 5, 0], [0, 0, 0, 1, 0, 1, 0, 1, 0, 0, 0], [0, 1, 1, 1, 2, 1, 1, 1, 1, 1, 0], [0, 1, 0, 2, 0, 0, 0, 1, 0, 1, 0], [0, 1, 0, 2, 0, 1, 0, 1, 0, 1, 0], [0, 1, 0, 2, 0, 1, 1, 1, 0, 1, 0], [0, 2, 0, 2, 0, 1, 1, 1, 0, 1, 0], [0, 2, 0, 2, 0, 1, 0, 1, 0, 1, 0], [0, 2, 0, 2, 0, 0, 0, 1, 0, 1, 0], [0, 2, 2, 2, 2, 2, 2, 1, 1, 1, 0], [0, 0, 0, 2, 0, 2, 0, 1, 0, 0, 0], [0, 2, 2, 2, 0, 2, 0, 1, 1, 1, 0], [0, 2, 0, 2, 2, 1, 1, 1, 0, 1, 0], [0, 2, 0, 0, 0, 1, 0, 0, 0, 1, 0], [0, 3, 2, 2, 2, 1, 1, 1, 1, 1, 0], [0, 0, 0, 0, 0, 0, 0, 0, 0, 0, 0]]"
2026-05-29T19:11:56.233938,0,South,738.0,False,False,False,"[[0, 0, 0, 0, 0, 0, 0, 0, 0, 0, 0], [0, 1, 1, 1, 1, 1, 1, 1, 1, 1, 0], [0, 1, 0, 0, 0, 1, 0, 0, 0, 1, 0], [0, 1, 0, 1, 1, 1, 1, 1, 0, 1, 0], [0, 1, 1, 1, 0, 1, 0, 1, 5, 4, 0], [0, 0, 0, 1, 0, 1, 0, 1, 0, 0, 0], [0, 1, 1, 1, 2, 1, 1, 1, 1, 1, 0], [0, 1, 0, 2, 0, 0, 0, 1, 0, 1, 0], [0, 1, 0, 2, 0, 1, 0, 1, 0, 1, 0], [0, 1, 0, 2, 0, 1, 1, 1, 0, 1, 0], [0, 2, 0, 2, 0, 1, 1, 1, 0, 1, 0], [0, 2, 0, 2, 0, 1, 0, 1, 0, 1, 0], [0, 2, 0, 2, 0, 0, 0, 1, 0, 1, 0], [0, 2, 2, 2, 2, 2, 2, 1, 1, 1, 0], [0, 0, 0, 2, 0, 2, 0, 1, 0, 0, 0], [0, 2, 2, 2, 0, 2, 0, 1, 1, 1, 0], [0, 2, 0, 2, 2, 1, 1, 1, 0, 1, 0], [0, 2, 0, 0, 0, 1, 0, 0, 0, 1, 0], [0, 3, 2, 2, 2, 1, 1, 1, 1, 1, 0], [0, 0, 0, 0, 0, 0, 0, 0, 0, 0, 0]]"
2026-05-29T19:11:56.235813,0,West,737.0,False,False,False,"[[0, 0, 0, 0, 0, 0, 0, 0, 0, 0, 0], [0, 1, 1, 1, 1, 1, 1, 1, 1, 1, 0], [0, 1, 0, 0, 0, 1, 0, 0, 0, 1, 0], [0, 1, 0, 1, 1, 1, 1, 1, 0, 1, 0], [0, 1, 1, 1, 0, 1, 0, 5, 4, 1, 0], [0, 0, 0, 1, 0, 1, 0, 1, 0, 0, 0], [0, 1, 1, 1, 2, 1, 1, 1, 1, 1, 0], [0, 1, 0, 2, 0, 0, 0, 1, 0, 1, 0], [0, 1, 0, 2, 0, 1, 0, 1, 0, 1, 0], [0, 1, 0, 2, 0, 1, 1, 1, 0, 1, 0], [0, 2, 0, 2, 0, 1, 1, 1, 0, 1, 0], [0, 2, 0, 2, 0, 1, 0, 1, 0, 1, 0], [0, 2, 0, 2, 0, 0, 0, 1, 0, 1, 0], [0, 2, 2, 2, 2, 2, 2, 1, 1, 1, 0], [0, 0, 0, 2, 0, 2, 0, 1, 0, 0, 0], [0, 2, 2, 2, 0, 2, 0, 1, 1, 1, 0], [0, 2, 0, 2, 2, 1, 1, 1, 0, 1, 0], [0, 2, 0, 0, 0, 1, 0, 0, 0, 1, 0], [0, 3, 2, 2, 2, 1, 1, 1, 1, 1, 0], [0, 0, 0, 0, 0, 0, 0, 0, 0, 0, 0]]"
2026-05-29T19:11:56.237898,0,South,736.0,False,False,False,"[[0, 0, 0, 0, 0, 0, 0, 0, 0, 0, 0], [0, 1, 1, 1, 1, 1, 1, 1, 1, 1, 0], [0, 1, 0, 0, 0, 1, 0, 0, 0, 1, 0], [0, 1, 0, 1, 1, 1, 1, 5, 0, 1, 0], [0, 1, 1, 1, 0, 1, 0, 4, 1, 1, 0], [0, 0, 0, 1, 0, 1, 0, 1, 0, 0, 0], [0, 1, 1, 1, 2, 1, 1, 1, 1, 1, 0], [0, 1, 0, 2, 0, 0, 0, 1, 0, 1, 0], [0, 1, 0, 2, 0, 1, 0, 1, 0, 1, 0], [0, 1, 0, 2, 0, 1, 1, 1, 0, 1, 0], [0, 2, 0, 2, 0, 1, 1, 1, 0, 1, 0], [0, 2, 0, 2, 0, 1, 0, 1, 0, 1, 0], [0, 2, 0, 2, 0, 0, 0, 1, 0, 1, 0], [0, 2, 2, 2, 2, 2, 2, 1, 1, 1, 0], [0, 0, 0, 2, 0, 2, 0, 1, 0, 0, 0], [0, 2, 2, 2, 0, 2, 0, 1, 1, 1, 0], [0, 2, 0, 2, 2, 1, 1, 1, 0, 1, 0], [0, 2, 0, 0, 0, 1, 0, 0, 0, 1, 0], [0, 3, 2, 2, 2, 1, 1, 1, 1, 1, 0], [0, 0, 0, 0, 0, 0, 0, 0, 0, 0, 0]]"
2026-05-29T19:11:56.239805,0,South,735.0,False,False,False,"[[0, 0, 0, 0, 0, 0, 0, 0, 0, 0, 0], [0, 1, 1, 1, 1, 1, 1, 1, 1, 1, 0], [0, 1, 0, 0, 0, 1, 0, 0, 0, 1, 0], [0, 1, 0, 1, 1, 1, 5, 4, 0, 1, 0], [0, 1, 1, 1, 0, 1, 0, 1, 1, 1, 0], [0, 0, 0, 1, 0, 1, 0, 1, 0, 0, 0], [0, 1, 1, 1, 2, 1, 1, 1, 1, 1, 0], [0, 1, 0, 2, 0, 0, 0, 1, 0, 1, 0], [0, 1, 0, 2, 0, 1, 0, 1, 0, 1, 0], [0, 1, 0, 2, 0, 1, 1, 1, 0, 1, 0], [0, 2, 0, 2, 0, 1, 1, 1, 0, 1, 0], [0, 2, 0, 2, 0, 1, 0, 1, 0, 1, 0], [0, 2, 0, 2, 0, 0, 0, 1, 0, 1, 0], [0, 2, 2, 2, 2, 2, 2, 1, 1, 1, 0], [0, 0, 0, 2, 0, 2, 0, 1, 0, 0, 0], [0, 2, 2, 2, 0, 2, 0, 1, 1, 1, 0], [0, 2, 0, 2, 2, 1, 1, 1, 0, 1, 0], [0, 2, 0, 0, 0, 1, 0, 0, 0, 1, 0], [0, 3, 2, 2, 2, 1, 1, 1, 1, 1, 0], [0, 0, 0, 0, 0, 0, 0, 0, 0, 0, 0]]"
2026-05-29T19:11:56.242551,0,West,734.0,False,False,False,"[[0, 0, 0, 0, 0, 0, 0, 0, 0, 0, 0], [0, 1, 1, 1, 1, 1, 1, 1, 1, 1, 0], [0, 1, 0, 0, 0, 1, 0, 0, 0, 1, 0], [0, 1, 0, 1, 1, 5, 4, 1, 0, 1, 0], [0, 1, 1, 1, 0, 1, 0, 1, 1, 1, 0], [0, 0, 0, 1, 0, 1, 0, 1, 0, 0, 0], [0, 1, 1, 1, 2, 1, 1, 1, 1, 1, 0], [0, 1, 0, 2, 0, 0, 0, 1, 0, 1, 0], [0, 1, 0, 2, 0, 1, 0, 1, 0, 1, 0], [0, 1, 0, 2, 0, 1, 1, 1, 0, 1, 0], [0, 2, 0, 2, 0, 1, 1, 1, 0, 1, 0], [0, 2, 0, 2, 0, 1, 0, 1, 0, 1, 0], [0, 2, 0, 2, 0, 0, 0, 1, 0, 1, 0], [0, 2, 2, 2, 2, 2, 2, 1, 1, 1, 0], [0, 0, 0, 2, 0, 2, 0, 1, 0, 0, 0], [0, 2, 2, 2, 0, 2, 0, 1, 1, 1, 0], [0, 2, 0, 2, 2, 1, 1, 1, 0, 1, 0], [0, 2, 0, 0, 0, 1, 0, 0, 0, 1, 0], [0, 3, 2, 2, 2, 1, 1, 1, 1, 1, 0], [0, 0, 0, 0, 0, 0, 0, 0, 0, 0, 0]]"
2026-05-29T19:11:56.246134,0,West,733.0,False,False,False,"[[0, 0, 0, 0, 0, 0, 0, 0, 0, 0, 0], [0, 1, 1, 1, 1, 1, 1, 1, 1, 1, 0], [0, 1, 0, 0, 0, 5, 0, 0, 0, 1, 0], [0, 1, 0, 1, 1, 4, 1, 1, 0, 1, 0], [0, 1, 1, 1, 0, 1, 0, 1, 1, 1, 0], [0, 0, 0, 1, 0, 1, 0, 1, 0, 0, 0], [0, 1, 1, 1, 2, 1, 1, 1, 1, 1, 0], [0, 1, 0, 2, 0, 0, 0, 1, 0, 1, 0], [0, 1, 0, 2, 0, 1, 0, 1, 0, 1, 0], [0, 1, 0, 2, 0, 1, 1, 1, 0, 1, 0], [0, 2, 0, 2, 0, 1, 1, 1, 0, 1, 0], [0, 2, 0, 2, 0, 1, 0, 1, 0, 1, 0], [0, 2, 0, 2, 0, 0, 0, 1, 0, 1, 0], [0, 2, 2, 2, 2, 2, 2, 1, 1, 1, 0], [0, 0, 0, 2, 0, 2, 0, 1, 0, 0, 0], [0, 2, 2, 2, 0, 2, 0, 1, 1, 1, 0], [0, 2, 0, 2, 2, 1, 1, 1, 0, 1, 0], [0, 2, 0, 0, 0, 1, 0, 0, 0, 1, 0], [0, 3, 2, 2, 2, 1, 1, 1, 1, 1, 0], [0, 0, 0, 0, 0, 0, 0, 0, 0, 0, 0]]"
2026-05-29T19:11:56.248037,0,North,732.0,False,False,False,"[[0, 0, 0, 0, 0, 0, 0, 0, 0, 0, 0], [0, 1, 1, 1, 1, 5, 1, 1, 1, 1, 0], [0, 1, 0, 0, 0, 4, 0, 0, 0, 1, 0], [0, 1, 0, 1, 1, 1, 1, 1, 0, 1, 0], [0, 1, 1, 1, 0, 1, 0, 1, 1, 1, 0], [0, 0, 0, 1, 0, 1, 0, 1, 0, 0, 0], [0, 1, 1, 1, 2, 1, 1, 1, 1, 1, 0], [0, 1, 0, 2, 0, 0, 0, 1, 0, 1, 0], [0, 1, 0, 2, 0, 1, 0, 1, 0, 1, 0], [0, 1, 0, 2, 0, 1, 1, 1, 0, 1, 0], [0, 2, 0, 2, 0, 1, 1, 1, 0, 1, 0], [0, 2, 0, 2, 0, 1, 0, 1, 0, 1, 0], [0, 2, 0, 2, 0, 0, 0, 1, 0, 1, 0], [0, 2, 2, 2, 2, 2, 2, 1, 1, 1, 0], [0, 0, 0, 2, 0, 2, 0, 1, 0, 0, 0], [0, 2, 2, 2, 0, 2, 0, 1, 1, 1, 0], [0, 2, 0, 2, 2, 1, 1, 1, 0, 1, 0], [0, 2, 0, 0, 0, 1, 0, 0, 0, 1, 0], [0, 3, 2, 2, 2, 1, 1, 1, 1, 1, 0], [0, 0, 0, 0, 0, 0, 0, 0, 0, 0, 0]]"
2026-05-29T19:11:56.250462,0,North,731.0,False,False,False,"[[0, 0, 0, 0, 0, 0, 0, 0, 0, 0, 0], [0, 1, 1, 1, 1, 4, 5, 1, 1, 1, 0], [0, 1, 0, 0, 0, 1, 0, 0, 0, 1, 0], [0, 1, 0, 1, 1, 1, 1, 1, 0, 1, 0], [0, 1, 1, 1, 0, 1, 0, 1, 1, 1, 0], [0, 0, 0, 1, 0, 1, 0, 1, 0, 0, 0], [0, 1, 1, 1, 2, 1, 1, 1, 1, 1, 0], [0, 1, 0, 2, 0, 0, 0, 1, 0, 1, 0], [0, 1, 0, 2, 0, 1, 0, 1, 0, 1, 0], [0, 1, 0, 2, 0, 1, 1, 1, 0, 1, 0], [0, 2, 0, 2, 0, 1, 1, 1, 0, 1, 0], [0, 2, 0, 2, 0, 1, 0, 1, 0, 1, 0], [0, 2, 0, 2, 0, 0, 0, 1, 0, 1, 0], [0, 2, 2, 2, 2, 2, 2, 1, 1, 1, 0], [0, 0, 0, 2, 0, 2, 0, 1, 0, 0, 0], [0, 2, 2, 2, 0, 2, 0, 1, 1, 1, 0], [0, 2, 0, 2, 2, 1, 1, 1, 0, 1, 0], [0, 2, 0, 0, 0, 1, 0, 0, 0, 1, 0], [0, 3, 2, 2, 2, 1, 1, 1, 1, 1, 0], [0, 0, 0, 0, 0, 0, 0, 0, 0, 0, 0]]"
2026-05-29T19:11:56.251676,0,North,730.0,False,False,False,"[[0, 0, 0, 0, 0, 0, 0, 0, 0, 0, 0], [0, 1, 1, 1, 1, 1, 4, 5, 1, 1, 0], [0, 1, 0, 0, 0, 1, 0, 0, 0, 1, 0], [0, 1, 0, 1, 1, 1, 1, 1, 0, 1, 0], [0, 1, 1, 1, 0, 1, 0, 1, 1, 1, 0], [0, 0, 0, 1, 0, 1, 0, 1, 0, 0, 0], [0, 1, 1, 1, 2, 1, 1, 1, 1, 1, 0], [0, 1, 0, 2, 0, 0, 0, 1, 0, 1, 0], [0, 1, 0, 2, 0, 1, 0, 1, 0, 1, 0], [0, 1, 0, 2, 0, 1, 1, 1, 0, 1, 0], [0, 2, 0, 2, 0, 1, 1, 1, 0, 1, 0], [0, 2, 0, 2, 0, 1, 0, 1, 0, 1, 0], [0, 2, 0, 2, 0, 0, 0, 1, 0, 1, 0], [0, 2, 2, 2, 2, 2, 2, 1, 1, 1, 0], [0, 0, 0, 2, 0, 2, 0, 1, 0, 0, 0], [0, 2, 2, 2, 0, 2, 0, 1, 1, 1, 0], [0, 2, 0, 2, 2, 1, 1, 1, 0, 1, 0], [0, 2, 0, 0, 0, 1, 0, 0, 0, 1, 0], [0, 3, 2, 2, 2, 1, 1, 1, 1, 1, 0], [0, 0, 0, 0, 0, 0, 0, 0, 0, 0, 0]]"
2026-05-29T19:11:56.252862,0,North,729.0,False,False,False,"[[0, 0, 0, 0, 0, 0, 0, 0, 0, 0, 0], [0, 1, 1, 1, 1, 1, 1, 4, 5, 1, 0], [0, 1, 0, 0, 0, 1, 0, 0, 0, 1, 0], [0, 1, 0, 1, 1, 1, 1, 1, 0, 1, 0], [0, 1, 1, 1, 0, 1, 0, 1, 1, 1, 0], [0, 0, 0, 1, 0, 1, 0, 1, 0, 0, 0], [0, 1, 1, 1, 2, 1, 1, 1, 1, 1, 0], [0, 1, 0, 2, 0, 0, 0, 1, 0, 1, 0], [0, 1, 0, 2, 0, 1, 0, 1, 0, 1, 0], [0, 1, 0, 2, 0, 1, 1, 1, 0, 1, 0], [0, 2, 0, 2, 0, 1, 1, 1, 0, 1, 0], [0, 2, 0, 2, 0, 1, 0, 1, 0, 1, 0], [0, 2, 0, 2, 0, 0, 0, 1, 0, 1, 0], [0, 2, 2, 2, 2, 2, 2, 1, 1, 1, 0], [0, 0, 0, 2, 0, 2, 0, 1, 0, 0, 0], [0, 2, 2, 2, 0, 2, 0, 1, 1, 1, 0], [0, 2, 0, 2, 2, 1, 1, 1, 0, 1, 0], [0, 2, 0, 0, 0, 1, 0, 0, 0, 1, 0], [0, 3, 2, 2, 2, 1, 1, 1, 1, 1, 0], [0, 0, 0, 0, 0, 0, 0, 0, 0, 0, 0]]"
2026-05-29T19:11:56.253948,0,East,728.0,False,False,False,"[[0, 0, 0, 0, 0, 0, 0, 0, 0, 0, 0], [0, 1, 1, 1, 1, 1, 1, 1, 4, 5, 0], [0, 1, 0, 0, 0, 1, 0, 0, 0, 1, 0], [0, 1, 0, 1, 1, 1, 1, 1, 0, 1, 0], [0, 1, 1, 1, 0, 1, 0, 1, 1, 1, 0], [0, 0, 0, 1, 0, 1, 0, 1, 0, 0, 0], [0, 1, 1, 1, 2, 1, 1, 1, 1, 1, 0], [0, 1, 0, 2, 0, 0, 0, 1, 0, 1, 0], [0, 1, 0, 2, 0, 1, 0, 1, 0, 1, 0], [0, 1, 0, 2, 0, 1, 1, 1, 0, 1, 0], [0, 2, 0, 2, 0, 1, 1, 1, 0, 1, 0], [0, 2, 0, 2, 0, 1, 0, 1, 0, 1, 0], [0, 2, 0, 2, 0, 0, 0, 1, 0, 1, 0], [0, 2, 2, 2, 2, 2, 2, 1, 1, 1, 0], [0, 0, 0, 2, 0, 2, 0, 1, 0, 0, 0], [0, 2, 2, 2, 0, 2, 0, 1, 1, 1, 0], [0, 2, 0, 2, 2, 1, 1, 1, 0, 1, 0], [0, 2, 0, 0, 0, 1, 0, 0, 0, 1, 0], [0, 3, 2, 2, 2, 1, 1, 1, 1, 1, 0], [0, 0, 0, 0, 0, 0, 0, 0, 0, 0, 0]]"
2026-05-29T19:11:56.255106,0,East,727.0,False,False,False,"[[0, 0, 0, 0, 0, 0, 0, 0, 0, 0, 0], [0, 1, 1, 1, 1, 1, 1, 1, 1, 4, 0], [0, 1, 0, 0, 0, 1, 0, 0, 0, 5, 0], [0, 1, 0, 1, 1, 1, 1, 1, 0, 1, 0], [0, 1, 1, 1, 0, 1, 0, 1, 1, 1, 0], [0, 0, 0, 1, 0, 1, 0, 1, 0, 0, 0], [0, 1, 1, 1, 2, 1, 1, 1, 1, 1, 0], [0, 1, 0, 2, 0, 0, 0, 1, 0, 1, 0], [0, 1, 0, 2, 0, 1, 0, 1, 0, 1, 0], [0, 1, 0, 2, 0, 1, 1, 1, 0, 1, 0], [0, 2, 0, 2, 0, 1, 1, 1, 0, 1, 0], [0, 2, 0, 2, 0, 1, 0, 1, 0, 1, 0], [0, 2, 0, 2, 0, 0, 0, 1, 0, 1, 0], [0, 2, 2, 2, 2, 2, 2, 1, 1, 1, 0], [0, 0, 0, 2, 0, 2, 0, 1, 0, 0, 0], [0, 2, 2, 2, 0, 2, 0, 1, 1, 1, 0], [0, 2, 0, 2, 2, 1, 1, 1, 0, 1, 0], [0, 2, 0, 0, 0, 1, 0, 0, 0, 1, 0], [0, 3, 2, 2, 2, 1, 1, 1, 1, 1, 0], [0, 0, 0, 0, 0, 0, 0, 0, 0, 0, 0]]"
2026-05-29T19:11:56.256193,0,East,726.0,False,False,False,"[[0, 0, 0, 0, 0, 0, 0, 0, 0, 0, 0], [0, 1, 1, 1, 1, 1, 1, 1, 1, 1, 0], [0, 1, 0, 0, 0, 1, 0, 0, 0, 4, 0], [0, 1, 0, 1, 1, 1, 1, 1, 0, 5, 0], [0, 1, 1, 1, 0, 1, 0, 1, 1, 1, 0], [0, 0, 0, 1, 0, 1, 0, 1, 0, 0, 0], [0, 1, 1, 1, 2, 1, 1, 1, 1, 1, 0], [0, 1, 0, 2, 0, 0, 0, 1, 0, 1, 0], [0, 1, 0, 2, 0, 1, 0, 1, 0, 1, 0], [0, 1, 0, 2, 0, 1, 1, 1, 0, 1, 0], [0, 2, 0, 2, 0, 1, 1, 1, 0, 1, 0], [0, 2, 0, 2, 0, 1, 0, 1, 0, 1, 0], [0, 2, 0, 2, 0, 0, 0, 1, 0, 1, 0], [0, 2, 2, 2, 2, 2, 2, 1, 1, 1, 0], [0, 0, 0, 2, 0, 2, 0, 1, 0, 0, 0], [0, 2, 2, 2, 0, 2, 0, 1, 1, 1, 0], [0, 2, 0, 2, 2, 1, 1, 1, 0, 1, 0], [0, 2, 0, 0, 0, 1, 0, 0, 0, 1, 0], [0, 3, 2, 2, 2, 1, 1, 1, 1, 1, 0], [0, 0, 0, 0, 0, 0, 0, 0, 0, 0, 0]]"
2026-05-29T19:11:56.257987,0,South,725.0,False,False,False,"[[0, 0, 0, 0, 0, 0, 0, 0, 0, 0, 0], [0, 1, 1, 1, 1, 1, 1, 1, 1, 1, 0], [0, 1, 0, 0, 0, 1, 0, 0, 0, 1, 0], [0, 1, 0, 1, 1, 1, 1, 1, 0, 4, 0], [0, 1, 1, 1, 0, 1, 0, 1, 1, 5, 0], [0, 0, 0, 1, 0, 1, 0, 1, 0, 0, 0], [0, 1, 1, 1, 2, 1, 1, 1, 1, 1, 0], [0, 1, 0, 2, 0, 0, 0, 1, 0, 1, 0], [0, 1, 0, 2, 0, 1, 0, 1, 0, 1, 0], [0, 1, 0, 2, 0, 1, 1, 1, 0, 1, 0], [0, 2, 0, 2, 0, 1, 1, 1, 0, 1, 0], [0, 2, 0, 2, 0, 1, 0, 1, 0, 1, 0], [0, 2, 0, 2, 0, 0, 0, 1, 0, 1, 0], [0, 2, 2, 2, 2, 2, 2, 1, 1, 1, 0], [0, 0, 0, 2, 0, 2, 0, 1, 0, 0, 0], [0, 2, 2, 2, 0, 2, 0, 1, 1, 1, 0], [0, 2, 0, 2, 2, 1, 1, 1, 0, 1, 0], [0, 2, 0, 0, 0, 1, 0, 0, 0, 1, 0], [0, 3, 2, 2, 2, 1, 1, 1, 1, 1, 0], [0, 0, 0, 0, 0, 0, 0, 0, 0, 0, 0]]"
2026-05-29T19:11:56.260474,0,South,724.0,False,False,False,"[[0, 0, 0, 0, 0, 0, 0, 0, 0, 0, 0], [0, 1, 1, 1, 1, 1, 1, 1, 1, 1, 0], [0, 1, 0, 0, 0, 1, 0, 0, 0, 1, 0], [0, 1, 0, 1, 1, 1, 1, 1, 0, 1, 0], [0, 1, 1, 1, 0, 1, 0, 1, 5, 4, 0], [0, 0, 0, 1, 0, 1, 0, 1, 0, 0, 0], [0, 1, 1, 1, 2, 1, 1, 1, 1, 1, 0], [0, 1, 0, 2, 0, 0, 0, 1, 0, 1, 0], [0, 1, 0, 2, 0, 1, 0, 1, 0, 1, 0], [0, 1, 0, 2, 0, 1, 1, 1, 0, 1, 0], [0, 2, 0, 2, 0, 1, 1, 1, 0, 1, 0], [0, 2, 0, 2, 0, 1, 0, 1, 0, 1, 0], [0, 2, 0, 2, 0, 0, 0, 1, 0, 1, 0], [0, 2, 2, 2, 2, 2, 2, 1, 1, 1, 0], [0, 0, 0, 2, 0, 2, 0, 1, 0, 0, 0], [0, 2, 2, 2, 0, 2, 0, 1, 1, 1, 0], [0, 2, 0, 2, 2, 1, 1, 1, 0, 1, 0], [0, 2, 0, 0, 0, 1, 0, 0, 0, 1, 0], [0, 3, 2, 2, 2, 1, 1, 1, 1, 1, 0], [0, 0, 0, 0, 0, 0, 0, 0, 0, 0, 0]]"
2026-05-29T19:11:56.263560,0,West,723.0,False,False,False,"[[0, 0, 0, 0, 0, 0, 0, 0, 0, 0, 0], [0, 1, 1, 1, 1, 1, 1, 1, 1, 1, 0], [0, 1, 0, 0, 0, 1, 0, 0, 0, 1, 0], [0, 1, 0, 1, 1, 1, 1, 1, 0, 1, 0], [0, 1, 1, 1, 0, 1, 0, 5, 4, 1, 0], [0, 0, 0, 1, 0, 1, 0, 1, 0, 0, 0], [0, 1, 1, 1, 2, 1, 1, 1, 1, 1, 0], [0, 1, 0, 2, 0, 0, 0, 1, 0, 1, 0], [0, 1, 0, 2, 0, 1, 0, 1, 0, 1, 0], [0, 1, 0, 2, 0, 1, 1, 1, 0, 1, 0], [0, 2, 0, 2, 0, 1, 1, 1, 0, 1, 0], [0, 2, 0, 2, 0, 1, 0, 1, 0, 1, 0], [0, 2, 0, 2, 0, 0, 0, 1, 0, 1, 0], [0, 2, 2, 2, 2, 2, 2, 1, 1, 1, 0], [0, 0, 0, 2, 0, 2, 0, 1, 0, 0, 0], [0, 2, 2, 2, 0, 2, 0, 1, 1, 1, 0], [0, 2, 0, 2, 2, 1, 1, 1, 0, 1, 0], [0, 2, 0, 0, 0, 1, 0, 0, 0, 1, 0], [0, 3, 2, 2, 2, 1, 1, 1, 1, 1, 0], [0, 0, 0, 0, 0, 0, 0, 0, 0, 0, 0]]"
2026-05-29T19:11:56.266727,0,South,722.0,False,False,False,"[[0, 0, 0, 0, 0, 0, 0, 0, 0, 0, 0], [0, 1, 1, 1, 1, 1, 1, 1, 1, 1, 0], [0, 1, 0, 0, 0, 1, 0, 0, 0, 1, 0], [0, 1, 0, 1, 1, 1, 1, 5, 0, 1, 0], [0, 1, 1, 1, 0, 1, 0, 4, 1, 1, 0], [0, 0, 0, 1, 0, 1, 0, 1, 0, 0, 0], [0, 1, 1, 1, 2, 1, 1, 1, 1, 1, 0], [0, 1, 0, 2, 0, 0, 0, 1, 0, 1, 0], [0, 1, 0, 2, 0, 1, 0, 1, 0, 1, 0], [0, 1, 0, 2, 0, 1, 1, 1, 0, 1, 0], [0, 2, 0, 2, 0, 1, 1, 1, 0, 1, 0], [0, 2, 0, 2, 0, 1, 0, 1, 0, 1, 0], [0, 2, 0, 2, 0, 0, 0, 1, 0, 1, 0], [0, 2, 2, 2, 2, 2, 2, 1, 1, 1, 0], [0, 0, 0, 2, 0, 2, 0, 1, 0, 0, 0], [0, 2, 2, 2, 0, 2, 0, 1, 1, 1, 0], [0, 2, 0, 2, 2, 1, 1, 1, 0, 1, 0], [0, 2, 0, 0, 0, 1, 0, 0, 0, 1, 0], [0, 3, 2, 2, 2, 1, 1, 1, 1, 1, 0], [0, 0, 0, 0, 0, 0, 0, 0, 0, 0, 0]]"
2026-05-29T19:11:56.268338,0,South,721.0,False,False,False,"[[0, 0, 0, 0, 0, 0, 0, 0, 0, 0, 0], [0, 1, 1, 1, 1, 1, 1, 1, 1, 1, 0], [0, 1, 0, 0, 0, 1, 0, 0, 0, 1, 0], [0, 1, 0, 1, 1, 1, 5, 4, 0, 1, 0], [0, 1, 1, 1, 0, 1, 0, 1, 1, 1, 0], [0, 0, 0, 1, 0, 1, 0, 1, 0, 0, 0], [0, 1, 1, 1, 2, 1, 1, 1, 1, 1, 0], [0, 1, 0, 2, 0, 0, 0, 1, 0, 1, 0], [0, 1, 0, 2, 0, 1, 0, 1, 0, 1, 0], [0, 1, 0, 2, 0, 1, 1, 1, 0, 1, 0], [0, 2, 0, 2, 0, 1, 1, 1, 0, 1, 0], [0, 2, 0, 2, 0, 1, 0, 1, 0, 1, 0], [0, 2, 0, 2, 0, 0, 0, 1, 0, 1, 0], [0, 2, 2, 2, 2, 2, 2, 1, 1, 1, 0], [0, 0, 0, 2, 0, 2, 0, 1, 0, 0, 0], [0, 2, 2, 2, 0, 2, 0, 1, 1, 1, 0], [0, 2, 0, 2, 2, 1, 1, 1, 0, 1, 0], [0, 2, 0, 0, 0, 1, 0, 0, 0, 1, 0], [0, 3, 2, 2, 2, 1, 1, 1, 1, 1, 0], [0, 0, 0, 0, 0, 0, 0, 0, 0, 0, 0]]"
2026-05-29T19:11:56.270635,0,West,720.0,False,False,False,"[[0, 0, 0, 0, 0, 0, 0, 0, 0, 0, 0], [0, 1, 1, 1, 1, 1, 1, 1, 1, 1, 0], [0, 1, 0, 0, 0, 1, 0, 0, 0, 1, 0], [0, 1, 0, 1, 1, 5, 4, 1, 0, 1, 0], [0, 1, 1, 1, 0, 1, 0, 1, 1, 1, 0], [0, 0, 0, 1, 0, 1, 0, 1, 0, 0, 0], [0, 1, 1, 1, 2, 1, 1, 1, 1, 1, 0], [0, 1, 0, 2, 0, 0, 0, 1, 0, 1, 0], [0, 1, 0, 2, 0, 1, 0, 1, 0, 1, 0], [0, 1, 0, 2, 0, 1, 1, 1, 0, 1, 0], [0, 2, 0, 2, 0, 1, 1, 1, 0, 1, 0], [0, 2, 0, 2, 0, 1, 0, 1, 0, 1, 0], [0, 2, 0, 2, 0, 0, 0, 1, 0, 1, 0], [0, 2, 2, 2, 2, 2, 2, 1, 1, 1, 0], [0, 0, 0, 2, 0, 2, 0, 1, 0, 0, 0], [0, 2, 2, 2, 0, 2, 0, 1, 1, 1, 0], [0, 2, 0, 2, 2, 1, 1, 1, 0, 1, 0], [0, 2, 0, 0, 0, 1, 0, 0, 0, 1, 0], [0, 3, 2, 2, 2, 1, 1, 1, 1, 1, 0], [0, 0, 0, 0, 0, 0, 0, 0, 0, 0, 0]]"
2026-05-29T19:11:56.273884,0,West,719.0,False,False,False,"[[0, 0, 0, 0, 0, 0, 0, 0, 0, 0, 0], [0, 1, 1, 1, 1, 1, 1, 1, 1, 1, 0], [0, 1, 0, 0, 0, 5, 0, 0, 0, 1, 0], [0, 1, 0, 1, 1, 4, 1, 1, 0, 1, 0], [0, 1, 1, 1, 0, 1, 0, 1, 1, 1, 0], [0, 0, 0, 1, 0, 1, 0, 1, 0, 0, 0], [0, 1, 1, 1, 2, 1, 1, 1, 1, 1, 0], [0, 1, 0, 2, 0, 0, 0, 1, 0, 1, 0], [0, 1, 0, 2, 0, 1, 0, 1, 0, 1, 0], [0, 1, 0, 2, 0, 1, 1, 1, 0, 1, 0], [0, 2, 0, 2, 0, 1, 1, 1, 0, 1, 0], [0, 2, 0, 2, 0, 1, 0, 1, 0, 1, 0], [0, 2, 0, 2, 0, 0, 0, 1, 0, 1, 0], [0, 2, 2, 2, 2, 2, 2, 1, 1, 1, 0], [0, 0, 0, 2, 0, 2, 0, 1, 0, 0, 0], [0, 2, 2, 2, 0, 2, 0, 1, 1, 1, 0], [0, 2, 0, 2, 2, 1, 1, 1, 0, 1, 0], [0, 2, 0, 0, 0, 1, 0, 0, 0, 1, 0], [0, 3, 2, 2, 2, 1, 1, 1, 1, 1, 0], [0, 0, 0, 0, 0, 0, 0, 0, 0, 0, 0]]"
2026-05-29T19:11:56.275822,0,North,718.0,False,False,False,"[[0, 0, 0, 0, 0, 0, 0, 0, 0, 0, 0], [0, 1, 1, 1, 1, 5, 1, 1, 1, 1, 0], [0, 1, 0, 0, 0, 4, 0, 0, 0, 1, 0], [0, 1, 0, 1, 1, 1, 1, 1, 0, 1, 0], [0, 1, 1, 1, 0, 1, 0, 1, 1, 1, 0], [0, 0, 0, 1, 0, 1, 0, 1, 0, 0, 0], [0, 1, 1, 1, 2, 1, 1, 1, 1, 1, 0], [0, 1, 0, 2, 0, 0, 0, 1, 0, 1, 0], [0, 1, 0, 2, 0, 1, 0, 1, 0, 1, 0], [0, 1, 0, 2, 0, 1, 1, 1, 0, 1, 0], [0, 2, 0, 2, 0, 1, 1, 1, 0, 1, 0], [0, 2, 0, 2, 0, 1, 0, 1, 0, 1, 0], [0, 2, 0, 2, 0, 0, 0, 1, 0, 1, 0], [0, 2, 2, 2, 2, 2, 2, 1, 1, 1, 0], [0, 0, 0, 2, 0, 2, 0, 1, 0, 0, 0], [0, 2, 2, 2, 0, 2, 0, 1, 1, 1, 0], [0, 2, 0, 2, 2, 1, 1, 1, 0, 1, 0], [0, 2, 0, 0, 0, 1, 0, 0, 0, 1, 0], [0, 3, 2, 2, 2, 1, 1, 1, 1, 1, 0], [0, 0, 0, 0, 0, 0, 0, 0, 0, 0, 0]]"
2026-05-29T19:11:56.277906,0,North,717.0,False,False,False,"[[0, 0, 0, 0, 0, 0, 0, 0, 0, 0, 0], [0, 1, 1, 1, 1, 4, 5, 1, 1, 1, 0], [0, 1, 0, 0, 0, 1, 0, 0, 0, 1, 0], [0, 1, 0, 1, 1, 1, 1, 1, 0, 1, 0], [0, 1, 1, 1, 0, 1, 0, 1, 1, 1, 0], [0, 0, 0, 1, 0, 1, 0, 1, 0, 0, 0], [0, 1, 1, 1, 2, 1, 1, 1, 1, 1, 0], [0, 1, 0, 2, 0, 0, 0, 1, 0, 1, 0], [0, 1, 0, 2, 0, 1, 0, 1, 0, 1, 0], [0, 1, 0, 2, 0, 1, 1, 1, 0, 1, 0], [0, 2, 0, 2, 0, 1, 1, 1, 0, 1, 0], [0, 2, 0, 2, 0, 1, 0, 1, 0, 1, 0], [0, 2, 0, 2, 0, 0, 0, 1, 0, 1, 0], [0, 2, 2, 2, 2, 2, 2, 1, 1, 1, 0], [0, 0, 0, 2, 0, 2, 0, 1, 0, 0, 0], [0, 2, 2, 2, 0, 2, 0, 1, 1, 1, 0], [0, 2, 0, 2, 2, 1, 1, 1, 0, 1, 0], [0, 2, 0, 0, 0, 1, 0, 0, 0, 1, 0], [0, 3, 2, 2, 2, 1, 1, 1, 1, 1, 0], [0, 0, 0, 0, 0, 0, 0, 0, 0, 0, 0]]"
2026-05-29T19:11:56.279166,0,North,716.0,False,False,False,"[[0, 0, 0, 0, 0, 0, 0, 0, 0, 0, 0], [0, 1, 1, 1, 4, 1, 4, 5, 1, 1, 0], [0, 1, 0, 0, 0, 1, 0, 0, 0, 1, 0], [0, 1, 0, 1, 1, 1, 1, 1, 0, 1, 0], [0, 1, 1, 1, 0, 1, 0, 1, 1, 1, 0], [0, 0, 0, 1, 0, 1, 0, 1, 0, 0, 0], [0, 1, 1, 1, 2, 1, 1, 1, 1, 1, 0], [0, 1, 0, 2, 0, 0, 0, 1, 0, 1, 0], [0, 1, 0, 2, 0, 1, 0, 1, 0, 1, 0], [0, 1, 0, 2, 0, 1, 1, 1, 0, 1, 0], [0, 2, 0, 2, 0, 1, 1, 1, 0, 1, 0], [0, 2, 0, 2, 0, 1, 0, 1, 0, 1, 0], [0, 2, 0, 2, 0, 0, 0, 1, 0, 1, 0], [0, 2, 2, 2, 2, 2, 2, 1, 1, 1, 0], [0, 0, 0, 2, 0, 2, 0, 1, 0, 0, 0], [0, 2, 2, 2, 0, 2, 0, 1, 1, 1, 0], [0, 2, 0, 2, 2, 1, 1, 1, 0, 1, 0], [0, 2, 0, 0, 0, 1, 0, 0, 0, 1, 0], [0, 3, 2, 2, 2, 1, 1, 1, 1, 1, 0], [0, 0, 0, 0, 0, 0, 0, 0, 0, 0, 0]]"
2026-05-29T19:11:56.280557,0,North,715.0,False,False,False,"[[0, 0, 0, 0, 0, 0, 0, 0, 0, 0, 0], [0, 1, 1, 4, 1, 1, 1, 4, 5, 1, 0], [0, 1, 0, 0, 0, 1, 0, 0, 0, 1, 0], [0, 1, 0, 1, 1, 1, 1, 1, 0, 1, 0], [0, 1, 1, 1, 0, 1, 0, 1, 1, 1, 0], [0, 0, 0, 1, 0, 1, 0, 1, 0, 0, 0], [0, 1, 1, 1, 2, 1, 1, 1, 1, 1, 0], [0, 1, 0, 2, 0, 0, 0, 1, 0, 1, 0], [0, 1, 0, 2, 0, 1, 0, 1, 0, 1, 0], [0, 1, 0, 2, 0, 1, 1, 1, 0, 1, 0], [0, 2, 0, 2, 0, 1, 1, 1, 0, 1, 0], [0, 2, 0, 2, 0, 1, 0, 1, 0, 1, 0], [0, 2, 0, 2, 0, 0, 0, 1, 0, 1, 0], [0, 2, 2, 2, 2, 2, 2, 1, 1, 1, 0], [0, 0, 0, 2, 0, 2, 0, 1, 0, 0, 0], [0, 2, 2, 2, 0, 2, 0, 1, 1, 1, 0], [0, 2, 0, 2, 2, 1, 1, 1, 0, 1, 0], [0, 2, 0, 0, 0, 1, 0, 0, 0, 1, 0], [0, 3, 2, 2, 2, 1, 1, 1, 1, 1, 0], [0, 0, 0, 0, 0, 0, 0, 0, 0, 0, 0]]"
2026-05-29T19:11:56.281883,0,East,714.0,False,False,False,"[[0, 0, 0, 0, 0, 0, 0, 0, 0, 0, 0], [0, 1, 4, 1, 1, 1, 1, 1, 4, 5, 0], [0, 1, 0, 0, 0, 1, 0, 0, 0, 1, 0], [0, 1, 0, 1, 1, 1, 1, 1, 0, 1, 0], [0, 1, 1, 1, 0, 1, 0, 1, 1, 1, 0], [0, 0, 0, 1, 0, 1, 0, 1, 0, 0, 0], [0, 1, 1, 1, 2, 1, 1, 1, 1, 1, 0], [0, 1, 0, 2, 0, 0, 0, 1, 0, 1, 0], [0, 1, 0, 2, 0, 1, 0, 1, 0, 1, 0], [0, 1, 0, 2, 0, 1, 1, 1, 0, 1, 0], [0, 2, 0, 2, 0, 1, 1, 1, 0, 1, 0], [0, 2, 0, 2, 0, 1, 0, 1, 0, 1, 0], [0, 2, 0, 2, 0, 0, 0, 1, 0, 1, 0], [0, 2, 2, 2, 2, 2, 2, 1, 1, 1, 0], [0, 0, 0, 2, 0, 2, 0, 1, 0, 0, 0], [0, 2, 2, 2, 0, 2, 0, 1, 1, 1, 0], [0, 2, 0, 2, 2, 1, 1, 1, 0, 1, 0], [0, 2, 0, 0, 0, 1, 0, 0, 0, 1, 0], [0, 3, 2, 2, 2, 1, 1, 1, 1, 1, 0], [0, 0, 0, 0, 0, 0, 0, 0, 0, 0, 0]]"
2026-05-29T19:11:56.283092,0,East,713.0,False,False,False,"[[0, 0, 0, 0, 0, 0, 0, 0, 0, 0, 0], [0, 4, 1, 1, 1, 1, 1, 1, 1, 4, 0], [0, 1, 0, 0, 0, 1, 0, 0, 0, 5, 0], [0, 1, 0, 1, 1, 1, 1, 1, 0, 1, 0], [0, 1, 1, 1, 0, 1, 0, 1, 1, 1, 0], [0, 0, 0, 1, 0, 1, 0, 1, 0, 0, 0], [0, 1, 1, 1, 2, 1, 1, 1, 1, 1, 0], [0, 1, 0, 2, 0, 0, 0, 1, 0, 1, 0], [0, 1, 0, 2, 0, 1, 0, 1, 0, 1, 0], [0, 1, 0, 2, 0, 1, 1, 1, 0, 1, 0], [0, 2, 0, 2, 0, 1, 1, 1, 0, 1, 0], [0, 2, 0, 2, 0, 1, 0, 1, 0, 1, 0], [0, 2, 0, 2, 0, 0, 0, 1, 0, 1, 0], [0, 2, 2, 2, 2, 2, 2, 1, 1, 1, 0], [0, 0, 0, 2, 0, 2, 0, 1, 0, 0, 0], [0, 2, 2, 2, 0, 2, 0, 1, 1, 1, 0], [0, 2, 0, 2, 2, 1, 1, 1, 0, 1, 0], [0, 2, 0, 0, 0, 1, 0, 0, 0, 1, 0], [0, 3, 2, 2, 2, 1, 1, 1, 1, 1, 0], [0, 0, 0, 0, 0, 0, 0, 0, 0, 0, 0]]"
2026-05-29T19:11:56.284293,0,East,712.0,False,False,False,"[[0, 0, 0, 0, 0, 0, 0, 0, 0, 0, 0], [0, 1, 1, 1, 1, 1, 1, 1, 1, 1, 0], [0, 4, 0, 0, 0, 1, 0, 0, 0, 4, 0], [0, 1, 0, 1, 1, 1, 1, 1, 0, 5, 0], [0, 1, 1, 1, 0, 1, 0, 1, 1, 1, 0], [0, 0, 0, 1, 0, 1, 0, 1, 0, 0, 0], [0, 1, 1, 1, 2, 1, 1, 1, 1, 1, 0], [0, 1, 0, 2, 0, 0, 0, 1, 0, 1, 0], [0, 1, 0, 2, 0, 1, 0, 1, 0, 1, 0], [0, 1, 0, 2, 0, 1, 1, 1, 0, 1, 0], [0, 2, 0, 2, 0, 1, 1, 1, 0, 1, 0], [0, 2, 0, 2, 0, 1, 0, 1, 0, 1, 0], [0, 2, 0, 2, 0, 0, 0, 1, 0, 1, 0], [0, 2, 2, 2, 2, 2, 2, 1, 1, 1, 0], [0, 0, 0, 2, 0, 2, 0, 1, 0, 0, 0], [0, 2, 2, 2, 0, 2, 0, 1, 1, 1, 0], [0, 2, 0, 2, 2, 1, 1, 1, 0, 1, 0], [0, 2, 0, 0, 0, 1, 0, 0, 0, 1, 0], [0, 3, 2, 2, 2, 1, 1, 1, 1, 1, 0], [0, 0, 0, 0, 0, 0, 0, 0, 0, 0, 0]]"
2026-05-29T19:11:56.285480,0,South,711.0,False,False,False,"[[0, 0, 0, 0, 0, 0, 0, 0, 0, 0, 0], [0, 1, 1, 1, 1, 1, 1, 1, 1, 1, 0], [0, 1, 0, 0, 0, 1, 0, 0, 0, 1, 0], [0, 4, 0, 1, 1, 1, 1, 1, 0, 4, 0], [0, 1, 1, 1, 0, 1, 0, 1, 1, 5, 0], [0, 0, 0, 1, 0, 1, 0, 1, 0, 0, 0], [0, 1, 1, 1, 2, 1, 1, 1, 1, 1, 0], [0, 1, 0, 2, 0, 0, 0, 1, 0, 1, 0], [0, 1, 0, 2, 0, 1, 0, 1, 0, 1, 0], [0, 1, 0, 2, 0, 1, 1, 1, 0, 1, 0], [0, 2, 0, 2, 0, 1, 1, 1, 0, 1, 0], [0, 2, 0, 2, 0, 1, 0, 1, 0, 1, 0], [0, 2, 0, 2, 0, 0, 0, 1, 0, 1, 0], [0, 2, 2, 2, 2, 2, 2, 1, 1, 1, 0], [0, 0, 0, 2, 0, 2, 0, 1, 0, 0, 0], [0, 2, 2, 2, 0, 2, 0, 1, 1, 1, 0], [0, 2, 0, 2, 2, 1, 1, 1, 0, 1, 0], [0, 2, 0, 0, 0, 1, 0, 0, 0, 1, 0], [0, 3, 2, 2, 2, 1, 1, 1, 1, 1, 0], [0, 0, 0, 0, 0, 0, 0, 0, 0, 0, 0]]"
2026-05-29T19:11:56.286889,0,South,710.0,False,False,False,"[[0, 0, 0, 0, 0, 0, 0, 0, 0, 0, 0], [0, 1, 1, 1, 1, 1, 1, 1, 1, 1, 0], [0, 1, 0, 0, 0, 1, 0, 0, 0, 1, 0], [0, 1, 0, 1, 1, 1, 1, 1, 0, 1, 0], [0, 4, 1, 1, 0, 1, 0, 1, 5, 4, 0], [0, 0, 0, 1, 0, 1, 0, 1, 0, 0, 0], [0, 1, 1, 1, 2, 1, 1, 1, 1, 1, 0], [0, 1, 0, 2, 0, 0, 0, 1, 0, 1, 0], [0, 1, 0, 2, 0, 1, 0, 1, 0, 1, 0], [0, 1, 0, 2, 0, 1, 1, 1, 0, 1, 0], [0, 2, 0, 2, 0, 1, 1, 1, 0, 1, 0], [0, 2, 0, 2, 0, 1, 0, 1, 0, 1, 0], [0, 2, 0, 2, 0, 0, 0, 1, 0, 1, 0], [0, 2, 2, 2, 2, 2, 2, 1, 1, 1, 0], [0, 0, 0, 2, 0, 2, 0, 1, 0, 0, 0], [0, 2, 2, 2, 0, 2, 0, 1, 1, 1, 0], [0, 2, 0, 2, 2, 1, 1, 1, 0, 1, 0], [0, 2, 0, 0, 0, 1, 0, 0, 0, 1, 0], [0, 3, 2, 2, 2, 1, 1, 1, 1, 1, 0], [0, 0, 0, 0, 0, 0, 0, 0, 0, 0, 0]]"
2026-05-29T19:11:56.288862,0,West,709.0,False,False,False,"[[0, 0, 0, 0, 0, 0, 0, 0, 0, 0, 0], [0, 1, 1, 1, 1, 1, 1, 1, 1, 1, 0], [0, 1, 0, 0, 0, 1, 0, 0, 0, 1, 0], [0, 1, 0, 1, 1, 1, 1, 1, 0, 1, 0], [0, 1, 4, 1, 0, 1, 0, 5, 4, 1, 0], [0, 0, 0, 1, 0, 1, 0, 1, 0, 0, 0], [0, 1, 1, 1, 2, 1, 1, 1, 1, 1, 0], [0, 1, 0, 2, 0, 0, 0, 1, 0, 1, 0], [0, 1, 0, 2, 0, 1, 0, 1, 0, 1, 0], [0, 1, 0, 2, 0, 1, 1, 1, 0, 1, 0], [0, 2, 0, 2, 0, 1, 1, 1, 0, 1, 0], [0, 2, 0, 2, 0, 1, 0, 1, 0, 1, 0], [0, 2, 0, 2, 0, 0, 0, 1, 0, 1, 0], [0, 2, 2, 2, 2, 2, 2, 1, 1, 1, 0], [0, 0, 0, 2, 0, 2, 0, 1, 0, 0, 0], [0, 2, 2, 2, 0, 2, 0, 1, 1, 1, 0], [0, 2, 0, 2, 2, 1, 1, 1, 0, 1, 0], [0, 2, 0, 0, 0, 1, 0, 0, 0, 1, 0], [0, 3, 2, 2, 2, 1, 1, 1, 1, 1, 0], [0, 0, 0, 0, 0, 0, 0, 0, 0, 0, 0]]"
2026-05-29T19:11:56.291183,0,South,708.0,False,False,False,"[[0, 0, 0, 0, 0, 0, 0, 0, 0, 0, 0], [0, 1, 1, 1, 1, 1, 1, 1, 1, 1, 0], [0, 1, 0, 0, 0, 1, 0, 0, 0, 1, 0], [0, 1, 0, 1, 1, 1, 1, 5, 0, 1, 0], [0, 1, 1, 4, 0, 1, 0, 4, 1, 1, 0], [0, 0, 0, 1, 0, 1, 0, 1, 0, 0, 0], [0, 1, 1, 1, 2, 1, 1, 1, 1, 1, 0], [0, 1, 0, 2, 0, 0, 0, 1, 0, 1, 0], [0, 1, 0, 2, 0, 1, 0, 1, 0, 1, 0], [0, 1, 0, 2, 0, 1, 1, 1, 0, 1, 0], [0, 2, 0, 2, 0, 1, 1, 1, 0, 1, 0], [0, 2, 0, 2, 0, 1, 0, 1, 0, 1, 0], [0, 2, 0, 2, 0, 0, 0, 1, 0, 1, 0], [0, 2, 2, 2, 2, 2, 2, 1, 1, 1, 0], [0, 0, 0, 2, 0, 2, 0, 1, 0, 0, 0], [0, 2, 2, 2, 0, 2, 0, 1, 1, 1, 0], [0, 2, 0, 2, 2, 1, 1, 1, 0, 1, 0], [0, 2, 0, 0, 0, 1, 0, 0, 0, 1, 0], [0, 3, 2, 2, 2, 1, 1, 1, 1, 1, 0], [0, 0, 0, 0, 0, 0, 0, 0, 0, 0, 0]]"
2026-05-29T19:11:56.292593,0,South,707.0,False,False,False,"[[0, 0, 0, 0, 0, 0, 0, 0, 0, 0, 0], [0, 1, 1, 1, 1, 1, 1, 1, 1, 1, 0], [0, 1, 0, 0, 0, 1, 0, 0, 0, 1, 0], [0, 1, 0, 4, 1, 1, 5, 4, 0, 1, 0], [0, 1, 1, 1, 0, 1, 0, 1, 1, 1, 0], [0, 0, 0, 1, 0, 1, 0, 1, 0, 0, 0], [0, 1, 1, 1, 2, 1, 1, 1, 1, 1, 0], [0, 1, 0, 2, 0, 0, 0, 1, 0, 1, 0], [0, 1, 0, 2, 0, 1, 0, 1, 0, 1, 0], [0, 1, 0, 2, 0, 1, 1, 1, 0, 1, 0], [0, 2, 0, 2, 0, 1, 1, 1, 0, 1, 0], [0, 2, 0, 2, 0, 1, 0, 1, 0, 1, 0], [0, 2, 0, 2, 0, 0, 0, 1, 0, 1, 0], [0, 2, 2, 2, 2, 2, 2, 1, 1, 1, 0], [0, 0, 0, 2, 0, 2, 0, 1, 0, 0, 0], [0, 2, 2, 2, 0, 2, 0, 1, 1, 1, 0], [0, 2, 0, 2, 2, 1, 1, 1, 0, 1, 0], [0, 2, 0, 0, 0, 1, 0, 0, 0, 1, 0], [0, 3, 2, 2, 2, 1, 1, 1, 1, 1, 0], [0, 0, 0, 0, 0, 0, 0, 0, 0, 0, 0]]"
2026-05-29T19:11:56.294736,0,West,706.0,False,False,False,"[[0, 0, 0, 0, 0, 0, 0, 0, 0, 0, 0], [0, 1, 1, 1, 1, 1, 1, 1, 1, 1, 0], [0, 1, 0, 0, 0, 1, 0, 0, 0, 1, 0], [0, 1, 0, 1, 4, 5, 4, 1, 0, 1, 0], [0, 1, 1, 1, 0, 1, 0, 1, 1, 1, 0], [0, 0, 0, 1, 0, 1, 0, 1, 0, 0, 0], [0, 1, 1, 1, 2, 1, 1, 1, 1, 1, 0], [0, 1, 0, 2, 0, 0, 0, 1, 0, 1, 0], [0, 1, 0, 2, 0, 1, 0, 1, 0, 1, 0], [0, 1, 0, 2, 0, 1, 1, 1, 0, 1, 0], [0, 2, 0, 2, 0, 1, 1, 1, 0, 1, 0], [0, 2, 0, 2, 0, 1, 0, 1, 0, 1, 0], [0, 2, 0, 2, 0, 0, 0, 1, 0, 1, 0], [0, 2, 2, 2, 2, 2, 2, 1, 1, 1, 0], [0, 0, 0, 2, 0, 2, 0, 1, 0, 0, 0], [0, 2, 2, 2, 0, 2, 0, 1, 1, 1, 0], [0, 2, 0, 2, 2, 1, 1, 1, 0, 1, 0], [0, 2, 0, 0, 0, 1, 0, 0, 0, 1, 0], [0, 3, 2, 2, 2, 1, 1, 1, 1, 1, 0], [0, 0, 0, 0, 0, 0, 0, 0, 0, 0, 0]]"
2026-05-29T19:11:56.298168,0,West,705.0,False,False,False,"[[0, 0, 0, 0, 0, 0, 0, 0, 0, 0, 0], [0, 1, 1, 1, 1, 1, 1, 1, 1, 1, 0], [0, 1, 0, 0, 0, 5, 0, 0, 0, 1, 0], [0, 1, 0, 1, 1, 4, 1, 1, 0, 1, 0], [0, 1, 1, 1, 0, 1, 0, 1, 1, 1, 0], [0, 0, 0, 1, 0, 1, 0, 1, 0, 0, 0], [0, 1, 1, 1, 2, 1, 1, 1, 1, 1, 0], [0, 1, 0, 2, 0, 0, 0, 1, 0, 1, 0], [0, 1, 0, 2, 0, 1, 0, 1, 0, 1, 0], [0, 1, 0, 2, 0, 1, 1, 1, 0, 1, 0], [0, 2, 0, 2, 0, 1, 1, 1, 0, 1, 0], [0, 2, 0, 2, 0, 1, 0, 1, 0, 1, 0], [0, 2, 0, 2, 0, 0, 0, 1, 0, 1, 0], [0, 2, 2, 2, 2, 2, 2, 1, 1, 1, 0], [0, 0, 0, 2, 0, 2, 0, 1, 0, 0, 0], [0, 2, 2, 2, 0, 2, 0, 1, 1, 1, 0], [0, 2, 0, 2, 2, 1, 1, 1, 0, 1, 0], [0, 2, 0, 0, 0, 1, 0, 0, 0, 1, 0], [0, 3, 2, 2, 2, 1, 1, 1, 1, 1, 0], [0, 0, 0, 0, 0, 0, 0, 0, 0, 0, 0]]"
2026-05-29T19:11:56.300042,0,North,704.0,False,False,False,"[[0, 0, 0, 0, 0, 0, 0, 0, 0, 0, 0], [0, 1, 1, 1, 1, 5, 1, 1, 1, 1, 0], [0, 1, 0, 0, 0, 4, 0, 0, 0, 1, 0], [0, 1, 0, 1, 1, 1, 1, 1, 0, 1, 0], [0, 1, 1, 1, 0, 1, 0, 1, 1, 1, 0], [0, 0, 0, 1, 0, 1, 0, 1, 0, 0, 0], [0, 1, 1, 1, 2, 1, 1, 1, 1, 1, 0], [0, 1, 0, 2, 0, 0, 0, 1, 0, 1, 0], [0, 1, 0, 2, 0, 1, 0, 1, 0, 1, 0], [0, 1, 0, 2, 0, 1, 1, 1, 0, 1, 0], [0, 2, 0, 2, 0, 1, 1, 1, 0, 1, 0], [0, 2, 0, 2, 0, 1, 0, 1, 0, 1, 0], [0, 2, 0, 2, 0, 0, 0, 1, 0, 1, 0], [0, 2, 2, 2, 2, 2, 2, 1, 1, 1, 0], [0, 0, 0, 2, 0, 2, 0, 1, 0, 0, 0], [0, 2, 2, 2, 0, 2, 0, 1, 1, 1, 0], [0, 2, 0, 2, 2, 1, 1, 1, 0, 1, 0], [0, 2, 0, 0, 0, 1, 0, 0, 0, 1, 0], [0, 3, 2, 2, 2, 1, 1, 1, 1, 1, 0], [0, 0, 0, 0, 0, 0, 0, 0, 0, 0, 0]]"
2026-05-29T19:11:56.302584,0,North,703.0,False,False,False,"[[0, 0, 0, 0, 0, 0, 0, 0, 0, 0, 0], [0, 1, 1, 1, 1, 4, 5, 1, 1, 1, 0], [0, 1, 0, 0, 0, 1, 0, 0, 0, 1, 0], [0, 1, 0, 1, 1, 1, 1, 1, 0, 1, 0], [0, 1, 1, 1, 0, 1, 0, 1, 1, 1, 0], [0, 0, 0, 1, 0, 1, 0, 1, 0, 0, 0], [0, 1, 1, 1, 2, 1, 1, 1, 1, 1, 0], [0, 1, 0, 2, 0, 0, 0, 1, 0, 1, 0], [0, 1, 0, 2, 0, 1, 0, 1, 0, 1, 0], [0, 1, 0, 2, 0, 1, 1, 1, 0, 1, 0], [0, 2, 0, 2, 0, 1, 1, 1, 0, 1, 0], [0, 2, 0, 2, 0, 1, 0, 1, 0, 1, 0], [0, 2, 0, 2, 0, 0, 0, 1, 0, 1, 0], [0, 2, 2, 2, 2, 2, 2, 1, 1, 1, 0], [0, 0, 0, 2, 0, 2, 0, 1, 0, 0, 0], [0, 2, 2, 2, 0, 2, 0, 1, 1, 1, 0], [0, 2, 0, 2, 2, 1, 1, 1, 0, 1, 0], [0, 2, 0, 0, 0, 1, 0, 0, 0, 1, 0], [0, 3, 2, 2, 2, 1, 1, 1, 1, 1, 0], [0, 0, 0, 0, 0, 0, 0, 0, 0, 0, 0]]"
2026-05-29T19:11:56.303730,0,North,702.0,False,False,False,"[[0, 0, 0, 0, 0, 0, 0, 0, 0, 0, 0], [0, 1, 1, 1, 1, 1, 4, 5, 1, 1, 0], [0, 1, 0, 0, 0, 1, 0, 0, 0, 1, 0], [0, 1, 0, 1, 1, 1, 1, 1, 0, 1, 0], [0, 1, 1, 1, 0, 1, 0, 1, 1, 1, 0], [0, 0, 0, 1, 0, 1, 0, 1, 0, 0, 0], [0, 1, 1, 1, 2, 1, 1, 1, 1, 1, 0], [0, 1, 0, 2, 0, 0, 0, 1, 0, 1, 0], [0, 1, 0, 2, 0, 1, 0, 1, 0, 1, 0], [0, 1, 0, 2, 0, 1, 1, 1, 0, 1, 0], [0, 2, 0, 2, 0, 1, 1, 1, 0, 1, 0], [0, 2, 0, 2, 0, 1, 0, 1, 0, 1, 0], [0, 2, 0, 2, 0, 0, 0, 1, 0, 1, 0], [0, 2, 2, 2, 2, 2, 2, 1, 1, 1, 0], [0, 0, 0, 2, 0, 2, 0, 1, 0, 0, 0], [0, 2, 2, 2, 0, 2, 0, 1, 1, 1, 0], [0, 2, 0, 2, 2, 1, 1, 1, 0, 1, 0], [0, 2, 0, 0, 0, 1, 0, 0, 0, 1, 0], [0, 3, 2, 2, 2, 1, 1, 1, 1, 1, 0], [0, 0, 0, 0, 0, 0, 0, 0, 0, 0, 0]]"
2026-05-29T19:11:56.304891,0,North,701.0,False,False,False,"[[0, 0, 0, 0, 0, 0, 0, 0, 0, 0, 0], [0, 1, 1, 1, 1, 1, 1, 4, 5, 1, 0], [0, 1, 0, 0, 0, 1, 0, 0, 0, 1, 0], [0, 1, 0, 1, 1, 1, 1, 1, 0, 1, 0], [0, 1, 1, 1, 0, 1, 0, 1, 1, 1, 0], [0, 0, 0, 1, 0, 1, 0, 1, 0, 0, 0], [0, 1, 1, 1, 2, 1, 1, 1, 1, 1, 0], [0, 1, 0, 2, 0, 0, 0, 1, 0, 1, 0], [0, 1, 0, 2, 0, 1, 0, 1, 0, 1, 0], [0, 1, 0, 2, 0, 1, 1, 1, 0, 1, 0], [0, 2, 0, 2, 0, 1, 1, 1, 0, 1, 0], [0, 2, 0, 2, 0, 1, 0, 1, 0, 1, 0], [0, 2, 0, 2, 0, 0, 0, 1, 0, 1, 0], [0, 2, 2, 2, 2, 2, 2, 1, 1, 1, 0], [0, 0, 0, 2, 0, 2, 0, 1, 0, 0, 0], [0, 2, 2, 2, 0, 2, 0, 1, 1, 1, 0], [0, 2, 0, 2, 2, 1, 1, 1, 0, 1, 0], [0, 2, 0, 0, 0, 1, 0, 0, 0, 1, 0], [0, 3, 2, 2, 2, 1, 1, 1, 1, 1, 0], [0, 0, 0, 0, 0, 0, 0, 0, 0, 0, 0]]"
2026-05-29T19:11:56.306052,0,East,700.0,False,False,False,"[[0, 0, 0, 0, 0, 0, 0, 0, 0, 0, 0], [0, 1, 1, 1, 1, 1, 1, 1, 4, 5, 0], [0, 1, 0, 0, 0, 1, 0, 0, 0, 1, 0], [0, 1, 0, 1, 1, 1, 1, 1, 0, 1, 0], [0, 1, 1, 1, 0, 1, 0, 1, 1, 1, 0], [0, 0, 0, 1, 0, 1, 0, 1, 0, 0, 0], [0, 1, 1, 1, 2, 1, 1, 1, 1, 1, 0], [0, 1, 0, 2, 0, 0, 0, 1, 0, 1, 0], [0, 1, 0, 2, 0, 1, 0, 1, 0, 1, 0], [0, 1, 0, 2, 0, 1, 1, 1, 0, 1, 0], [0, 2, 0, 2, 0, 1, 1, 1, 0, 1, 0], [0, 2, 0, 2, 0, 1, 0, 1, 0, 1, 0], [0, 2, 0, 2, 0, 0, 0, 1, 0, 1, 0], [0, 2, 2, 2, 2, 2, 2, 1, 1, 1, 0], [0, 0, 0, 2, 0, 2, 0, 1, 0, 0, 0], [0, 2, 2, 2, 0, 2, 0, 1, 1, 1, 0], [0, 2, 0, 2, 2, 1, 1, 1, 0, 1, 0], [0, 2, 0, 0, 0, 1, 0, 0, 0, 1, 0], [0, 3, 2, 2, 2, 1, 1, 1, 1, 1, 0], [0, 0, 0, 0, 0, 0, 0, 0, 0, 0, 0]]"
2026-05-29T19:11:56.307302,0,East,699.0,False,False,False,"[[0, 0, 0, 0, 0, 0, 0, 0, 0, 0, 0], [0, 1, 1, 1, 1, 1, 1, 1, 1, 4, 0], [0, 1, 0, 0, 0, 1, 0, 0, 0, 5, 0], [0, 1, 0, 1, 1, 1, 1, 1, 0, 1, 0], [0, 1, 1, 1, 0, 1, 0, 1, 1, 1, 0], [0, 0, 0, 1, 0, 1, 0, 1, 0, 0, 0], [0, 1, 1, 1, 2, 1, 1, 1, 1, 1, 0], [0, 1, 0, 2, 0, 0, 0, 1, 0, 1, 0], [0, 1, 0, 2, 0, 1, 0, 1, 0, 1, 0], [0, 1, 0, 2, 0, 1, 1, 1, 0, 1, 0], [0, 2, 0, 2, 0, 1, 1, 1, 0, 1, 0], [0, 2, 0, 2, 0, 1, 0, 1, 0, 1, 0], [0, 2, 0, 2, 0, 0, 0, 1, 0, 1, 0], [0, 2, 2, 2, 2, 2, 2, 1, 1, 1, 0], [0, 0, 0, 2, 0, 2, 0, 1, 0, 0, 0], [0, 2, 2, 2, 0, 2, 0, 1, 1, 1, 0], [0, 2, 0, 2, 2, 1, 1, 1, 0, 1, 0], [0, 2, 0, 0, 0, 1, 0, 0, 0, 1, 0], [0, 3, 2, 2, 2, 1, 1, 1, 1, 1, 0], [0, 0, 0, 0, 0, 0, 0, 0, 0, 0, 0]]"
2026-05-29T19:11:56.308675,0,East,698.0,False,False,False,"[[0, 0, 0, 0, 0, 0, 0, 0, 0, 0, 0], [0, 1, 1, 1, 1, 1, 1, 1, 1, 1, 0], [0, 1, 0, 0, 0, 1, 0, 0, 0, 4, 0], [0, 1, 0, 1, 1, 1, 1, 1, 0, 5, 0], [0, 1, 1, 1, 0, 1, 0, 1, 1, 1, 0], [0, 0, 0, 1, 0, 1, 0, 1, 0, 0, 0], [0, 1, 1, 1, 2, 1, 1, 1, 1, 1, 0], [0, 1, 0, 2, 0, 0, 0, 1, 0, 1, 0], [0, 1, 0, 2, 0, 1, 0, 1, 0, 1, 0], [0, 1, 0, 2, 0, 1, 1, 1, 0, 1, 0], [0, 2, 0, 2, 0, 1, 1, 1, 0, 1, 0], [0, 2, 0, 2, 0, 1, 0, 1, 0, 1, 0], [0, 2, 0, 2, 0, 0, 0, 1, 0, 1, 0], [0, 2, 2, 2, 2, 2, 2, 1, 1, 1, 0], [0, 0, 0, 2, 0, 2, 0, 1, 0, 0, 0], [0, 2, 2, 2, 0, 2, 0, 1, 1, 1, 0], [0, 2, 0, 2, 2, 1, 1, 1, 0, 1, 0], [0, 2, 0, 0, 0, 1, 0, 0, 0, 1, 0], [0, 3, 2, 2, 2, 1, 1, 1, 1, 1, 0], [0, 0, 0, 0, 0, 0, 0, 0, 0, 0, 0]]"
2026-05-29T19:11:56.310348,0,South,697.0,False,False,False,"[[0, 0, 0, 0, 0, 0, 0, 0, 0, 0, 0], [0, 1, 1, 1, 1, 1, 1, 1, 1, 1, 0], [0, 1, 0, 0, 0, 1, 0, 0, 0, 1, 0], [0, 1, 0, 1, 1, 1, 1, 1, 0, 4, 0], [0, 1, 1, 1, 0, 1, 0, 1, 1, 5, 0], [0, 0, 0, 1, 0, 1, 0, 1, 0, 0, 0], [0, 1, 1, 1, 2, 1, 1, 1, 1, 1, 0], [0, 1, 0, 2, 0, 0, 0, 1, 0, 1, 0], [0, 1, 0, 2, 0, 1, 0, 1, 0, 1, 0], [0, 1, 0, 2, 0, 1, 1, 1, 0, 1, 0], [0, 2, 0, 2, 0, 1, 1, 1, 0, 1, 0], [0, 2, 0, 2, 0, 1, 0, 1, 0, 1, 0], [0, 2, 0, 2, 0, 0, 0, 1, 0, 1, 0], [0, 2, 2, 2, 2, 2, 2, 1, 1, 1, 0], [0, 0, 0, 2, 0, 2, 0, 1, 0, 0, 0], [0, 2, 2, 2, 0, 2, 0, 1, 1, 1, 0], [0, 2, 0, 2, 2, 1, 1, 1, 0, 1, 0], [0, 2, 0, 0, 0, 1, 0, 0, 0, 1, 0], [0, 3, 2, 2, 2, 1, 1, 1, 1, 1, 0], [0, 0, 0, 0, 0, 0, 0, 0, 0, 0, 0]]"
2026-05-29T19:11:56.312206,0,South,696.0,False,False,False,"[[0, 0, 0, 0, 0, 0, 0, 0, 0, 0, 0], [0, 1, 1, 1, 1, 1, 1, 1, 1, 1, 0], [0, 1, 0, 0, 0, 1, 0, 0, 0, 1, 0], [0, 1, 0, 1, 1, 1, 1, 1, 0, 1, 0], [0, 1, 1, 1, 0, 1, 0, 1, 5, 4, 0], [0, 0, 0, 1, 0, 1, 0, 1, 0, 0, 0], [0, 1, 1, 1, 2, 1, 1, 1, 1, 1, 0], [0, 1, 0, 2, 0, 0, 0, 1, 0, 1, 0], [0, 1, 0, 2, 0, 1, 0, 1, 0, 1, 0], [0, 1, 0, 2, 0, 1, 1, 1, 0, 1, 0], [0, 2, 0, 2, 0, 1, 1, 1, 0, 1, 0], [0, 2, 0, 2, 0, 1, 0, 1, 0, 1, 0], [0, 2, 0, 2, 0, 0, 0, 1, 0, 1, 0], [0, 2, 2, 2, 2, 2, 2, 1, 1, 1, 0], [0, 0, 0, 2, 0, 2, 0, 1, 0, 0, 0], [0, 2, 2, 2, 0, 2, 0, 1, 1, 1, 0], [0, 2, 0, 2, 2, 1, 1, 1, 0, 1, 0], [0, 2, 0, 0, 0, 1, 0, 0, 0, 1, 0], [0, 3, 2, 2, 2, 1, 1, 1, 1, 1, 0], [0, 0, 0, 0, 0, 0, 0, 0, 0, 0, 0]]"
2026-05-29T19:11:56.314016,0,West,695.0,False,False,False,"[[0, 0, 0, 0, 0, 0, 0, 0, 0, 0, 0], [0, 1, 1, 1, 1, 1, 1, 1, 1, 1, 0], [0, 1, 0, 0, 0, 1, 0, 0, 0, 1, 0], [0, 1, 0, 1, 1, 1, 1, 1, 0, 1, 0], [0, 1, 1, 1, 0, 1, 0, 5, 4, 1, 0], [0, 0, 0, 1, 0, 1, 0, 1, 0, 0, 0], [0, 1, 1, 1, 2, 1, 1, 1, 1, 1, 0], [0, 1, 0, 2, 0, 0, 0, 1, 0, 1, 0], [0, 1, 0, 2, 0, 1, 0, 1, 0, 1, 0], [0, 1, 0, 2, 0, 1, 1, 1, 0, 1, 0], [0, 2, 0, 2, 0, 1, 1, 1, 0, 1, 0], [0, 2, 0, 2, 0, 1, 0, 1, 0, 1, 0], [0, 2, 0, 2, 0, 0, 0, 1, 0, 1, 0], [0, 2, 2, 2, 2, 2, 2, 1, 1, 1, 0], [0, 0, 0, 2, 0, 2, 0, 1, 0, 0, 0], [0, 2, 2, 2, 0, 2, 0, 1, 1, 1, 0], [0, 2, 0, 2, 2, 1, 1, 1, 0, 1, 0], [0, 2, 0, 0, 0, 1, 0, 0, 0, 1, 0], [0, 3, 2, 2, 2, 1, 1, 1, 1, 1, 0], [0, 0, 0, 0, 0, 0, 0, 0, 0, 0, 0]]"
2026-05-29T19:11:56.316230,0,South,694.0,False,False,False,"[[0, 0, 0, 0, 0, 0, 0, 0, 0, 0, 0], [0, 1, 1, 1, 1, 1, 1, 1, 1, 1, 0], [0, 1, 0, 0, 0, 1, 0, 0, 0, 1, 0], [0, 1, 0, 1, 1, 1, 1, 5, 0, 1, 0], [0, 1, 1, 1, 0, 1, 0, 4, 1, 1, 0], [0, 0, 0, 1, 0, 1, 0, 1, 0, 0, 0], [0, 1, 1, 1, 2, 1, 1, 1, 1, 1, 0], [0, 1, 0, 2, 0, 0, 0, 1, 0, 1, 0], [0, 1, 0, 2, 0, 1, 0, 1, 0, 1, 0], [0, 1, 0, 2, 0, 1, 1, 1, 0, 1, 0], [0, 2, 0, 2, 0, 1, 1, 1, 0, 1, 0], [0, 2, 0, 2, 0, 1, 0, 1, 0, 1, 0], [0, 2, 0, 2, 0, 0, 0, 1, 0, 1, 0], [0, 2, 2, 2, 2, 2, 2, 1, 1, 1, 0], [0, 0, 0, 2, 0, 2, 0, 1, 0, 0, 0], [0, 2, 2, 2, 0, 2, 0, 1, 1, 1, 0], [0, 2, 0, 2, 2, 1, 1, 1, 0, 1, 0], [0, 2, 0, 0, 0, 1, 0, 0, 0, 1, 0], [0, 3, 2, 2, 2, 1, 1, 1, 1, 1, 0], [0, 0, 0, 0, 0, 0, 0, 0, 0, 0, 0]]"
2026-05-29T19:11:56.317591,0,South,693.0,False,False,False,"[[0, 0, 0, 0, 0, 0, 0, 0, 0, 0, 0], [0, 1, 1, 1, 1, 1, 1, 1, 1, 1, 0], [0, 1, 0, 0, 0, 1, 0, 0, 0, 1, 0], [0, 1, 0, 1, 1, 1, 5, 4, 0, 1, 0], [0, 1, 1, 1, 0, 1, 0, 1, 1, 1, 0], [0, 0, 0, 1, 0, 1, 0, 4, 0, 0, 0], [0, 1, 1, 1, 2, 1, 1, 1, 1, 1, 0], [0, 1, 0, 2, 0, 0, 0, 1, 0, 1, 0], [0, 1, 0, 2, 0, 1, 0, 1, 0, 1, 0], [0, 1, 0, 2, 0, 1, 1, 1, 0, 1, 0], [0, 2, 0, 2, 0, 1, 1, 1, 0, 1, 0], [0, 2, 0, 2, 0, 1, 0, 1, 0, 1, 0], [0, 2, 0, 2, 0, 0, 0, 1, 0, 1, 0], [0, 2, 2, 2, 2, 2, 2, 1, 1, 1, 0], [0, 0, 0, 2, 0, 2, 0, 1, 0, 0, 0], [0, 2, 2, 2, 0, 2, 0, 1, 1, 1, 0], [0, 2, 0, 2, 2, 1, 1, 1, 0, 1, 0], [0, 2, 0, 0, 0, 1, 0, 0, 0, 1, 0], [0, 3, 2, 2, 2, 1, 1, 1, 1, 1, 0], [0, 0, 0, 0, 0, 0, 0, 0, 0, 0, 0]]"
2026-05-29T19:11:56.322403,0,West,692.0,False,False,False,"[[0, 0, 0, 0, 0, 0, 0, 0, 0, 0, 0], [0, 1, 1, 1, 1, 1, 1, 1, 1, 1, 0], [0, 1, 0, 0, 0, 1, 0, 0, 0, 1, 0], [0, 1, 0, 1, 1, 5, 4, 1, 0, 1, 0], [0, 1, 1, 1, 0, 1, 0, 1, 1, 1, 0], [0, 0, 0, 1, 0, 1, 0, 1, 0, 0, 0], [0, 1, 1, 1, 2, 1, 1, 4, 1, 1, 0], [0, 1, 0, 2, 0, 0, 0, 1, 0, 1, 0], [0, 1, 0, 2, 0, 1, 0, 1, 0, 1, 0], [0, 1, 0, 2, 0, 1, 1, 1, 0, 1, 0], [0, 2, 0, 2, 0, 1, 1, 1, 0, 1, 0], [0, 2, 0, 2, 0, 1, 0, 1, 0, 1, 0], [0, 2, 0, 2, 0, 0, 0, 1, 0, 1, 0], [0, 2, 2, 2, 2, 2, 2, 1, 1, 1, 0], [0, 0, 0, 2, 0, 2, 0, 1, 0, 0, 0], [0, 2, 2, 2, 0, 2, 0, 1, 1, 1, 0], [0, 2, 0, 2, 2, 1, 1, 1, 0, 1, 0], [0, 2, 0, 0, 0, 1, 0, 0, 0, 1, 0], [0, 3, 2, 2, 2, 1, 1, 1, 1, 1, 0], [0, 0, 0, 0, 0, 0, 0, 0, 0, 0, 0]]"
2026-05-29T19:11:56.325734,0,West,691.0,False,False,False,"[[0, 0, 0, 0, 0, 0, 0, 0, 0, 0, 0], [0, 1, 1, 1, 1, 1, 1, 1, 1, 1, 0], [0, 1, 0, 0, 0, 5, 0, 0, 0, 1, 0], [0, 1, 0, 1, 1, 4, 1, 1, 0, 1, 0], [0, 1, 1, 1, 0, 1, 0, 1, 1, 1, 0], [0, 0, 0, 1, 0, 1, 0, 1, 0, 0, 0], [0, 1, 1, 1, 2, 1, 4, 1, 1, 1, 0], [0, 1, 0, 2, 0, 0, 0, 1, 0, 1, 0], [0, 1, 0, 2, 0, 1, 0, 1, 0, 1, 0], [0, 1, 0, 2, 0, 1, 1, 1, 0, 1, 0], [0, 2, 0, 2, 0, 1, 1, 1, 0, 1, 0], [0, 2, 0, 2, 0, 1, 0, 1, 0, 1, 0], [0, 2, 0, 2, 0, 0, 0, 1, 0, 1, 0], [0, 2, 2, 2, 2, 2, 2, 1, 1, 1, 0], [0, 0, 0, 2, 0, 2, 0, 1, 0, 0, 0], [0, 2, 2, 2, 0, 2, 0, 1, 1, 1, 0], [0, 2, 0, 2, 2, 1, 1, 1, 0, 1, 0], [0, 2, 0, 0, 0, 1, 0, 0, 0, 1, 0], [0, 3, 2, 2, 2, 1, 1, 1, 1, 1, 0], [0, 0, 0, 0, 0, 0, 0, 0, 0, 0, 0]]"
2026-05-29T19:11:56.334271,0,North,690.0,False,False,False,"[[0, 0, 0, 0, 0, 0, 0, 0, 0, 0, 0], [0, 1, 1, 1, 1, 5, 1, 1, 1, 1, 0], [0, 1, 0, 0, 0, 4, 0, 0, 0, 1, 0], [0, 1, 0, 1, 1, 1, 1, 1, 0, 1, 0], [0, 1, 1, 1, 0, 1, 0, 1, 1, 1, 0], [0, 0, 0, 1, 0, 1, 0, 1, 0, 0, 0], [0, 1, 1, 1, 2, 4, 1, 1, 1, 1, 0], [0, 1, 0, 2, 0, 0, 0, 1, 0, 1, 0], [0, 1, 0, 2, 0, 1, 0, 1, 0, 1, 0], [0, 1, 0, 2, 0, 1, 1, 1, 0, 1, 0], [0, 2, 0, 2, 0, 1, 1, 1, 0, 1, 0], [0, 2, 0, 2, 0, 1, 0, 1, 0, 1, 0], [0, 2, 0, 2, 0, 0, 0, 1, 0, 1, 0], [0, 2, 2, 2, 2, 2, 2, 1, 1, 1, 0], [0, 0, 0, 2, 0, 2, 0, 1, 0, 0, 0], [0, 2, 2, 2, 0, 2, 0, 1, 1, 1, 0], [0, 2, 0, 2, 2, 1, 1, 1, 0, 1, 0], [0, 2, 0, 0, 0, 1, 0, 0, 0, 1, 0], [0, 3, 2, 2, 2, 1, 1, 1, 1, 1, 0], [0, 0, 0, 0, 0, 0, 0, 0, 0, 0, 0]]"
2026-05-29T19:11:56.337668,0,North,689.0,False,False,False,"[[0, 0, 0, 0, 0, 0, 0, 0, 0, 0, 0], [0, 1, 1, 1, 1, 4, 5, 1, 1, 1, 0], [0, 1, 0, 0, 0, 1, 0, 0, 0, 1, 0], [0, 1, 0, 1, 1, 1, 1, 1, 0, 1, 0], [0, 1, 1, 1, 0, 1, 0, 1, 1, 1, 0], [0, 0, 0, 1, 0, 4, 0, 1, 0, 0, 0], [0, 1, 1, 1, 2, 1, 1, 1, 1, 1, 0], [0, 1, 0, 2, 0, 0, 0, 1, 0, 1, 0], [0, 1, 0, 2, 0, 1, 0, 1, 0, 1, 0], [0, 1, 0, 2, 0, 1, 1, 1, 0, 1, 0], [0, 2, 0, 2, 0, 1, 1, 1, 0, 1, 0], [0, 2, 0, 2, 0, 1, 0, 1, 0, 1, 0], [0, 2, 0, 2, 0, 0, 0, 1, 0, 1, 0], [0, 2, 2, 2, 2, 2, 2, 1, 1, 1, 0], [0, 0, 0, 2, 0, 2, 0, 1, 0, 0, 0], [0, 2, 2, 2, 0, 2, 0, 1, 1, 1, 0], [0, 2, 0, 2, 2, 1, 1, 1, 0, 1, 0], [0, 2, 0, 0, 0, 1, 0, 0, 0, 1, 0], [0, 3, 2, 2, 2, 1, 1, 1, 1, 1, 0], [0, 0, 0, 0, 0, 0, 0, 0, 0, 0, 0]]"
2026-05-29T19:11:56.340219,0,North,688.0,False,False,False,"[[0, 0, 0, 0, 0, 0, 0, 0, 0, 0, 0], [0, 1, 1, 1, 1, 1, 4, 5, 1, 1, 0], [0, 1, 0, 0, 0, 1, 0, 0, 0, 1, 0], [0, 1, 0, 1, 1, 1, 1, 1, 0, 1, 0], [0, 1, 1, 1, 0, 4, 0, 1, 1, 1, 0], [0, 0, 0, 1, 0, 1, 0, 1, 0, 0, 0], [0, 1, 1, 1, 2, 1, 1, 1, 1, 1, 0], [0, 1, 0, 2, 0, 0, 0, 1, 0, 1, 0], [0, 1, 0, 2, 0, 1, 0, 1, 0, 1, 0], [0, 1, 0, 2, 0, 1, 1, 1, 0, 1, 0], [0, 2, 0, 2, 0, 1, 1, 1, 0, 1, 0], [0, 2, 0, 2, 0, 1, 0, 1, 0, 1, 0], [0, 2, 0, 2, 0, 0, 0, 1, 0, 1, 0], [0, 2, 2, 2, 2, 2, 2, 1, 1, 1, 0], [0, 0, 0, 2, 0, 2, 0, 1, 0, 0, 0], [0, 2, 2, 2, 0, 2, 0, 1, 1, 1, 0], [0, 2, 0, 2, 2, 1, 1, 1, 0, 1, 0], [0, 2, 0, 0, 0, 1, 0, 0, 0, 1, 0], [0, 3, 2, 2, 2, 1, 1, 1, 1, 1, 0], [0, 0, 0, 0, 0, 0, 0, 0, 0, 0, 0]]"
2026-05-29T19:11:56.343200,0,North,687.0,False,False,False,"[[0, 0, 0, 0, 0, 0, 0, 0, 0, 0, 0], [0, 1, 1, 1, 1, 1, 1, 4, 5, 1, 0], [0, 1, 0, 0, 0, 1, 0, 0, 0, 1, 0], [0, 1, 0, 1, 1, 4, 1, 1, 0, 1, 0], [0, 1, 1, 1, 0, 1, 0, 1, 1, 1, 0], [0, 0, 0, 1, 0, 1, 0, 1, 0, 0, 0], [0, 1, 1, 1, 2, 1, 1, 1, 1, 1, 0], [0, 1, 0, 2, 0, 0, 0, 1, 0, 1, 0], [0, 1, 0, 2, 0, 1, 0, 1, 0, 1, 0], [0, 1, 0, 2, 0, 1, 1, 1, 0, 1, 0], [0, 2, 0, 2, 0, 1, 1, 1, 0, 1, 0], [0, 2, 0, 2, 0, 1, 0, 1, 0, 1, 0], [0, 2, 0, 2, 0, 0, 0, 1, 0, 1, 0], [0, 2, 2, 2, 2, 2, 2, 1, 1, 1, 0], [0, 0, 0, 2, 0, 2, 0, 1, 0, 0, 0], [0, 2, 2, 2, 0, 2, 0, 1, 1, 1, 0], [0, 2, 0, 2, 2, 1, 1, 1, 0, 1, 0], [0, 2, 0, 0, 0, 1, 0, 0, 0, 1, 0], [0, 3, 2, 2, 2, 1, 1, 1, 1, 1, 0], [0, 0, 0, 0, 0, 0, 0, 0, 0, 0, 0]]"
2026-05-29T19:11:56.345726,0,East,686.0,False,False,False,"[[0, 0, 0, 0, 0, 0, 0, 0, 0, 0, 0], [0, 1, 1, 1, 1, 1, 1, 1, 4, 5, 0], [0, 1, 0, 0, 0, 1, 0, 0, 0, 1, 0], [0, 1, 0, 1, 1, 1, 4, 1, 0, 1, 0], [0, 1, 1, 1, 0, 1, 0, 1, 1, 1, 0], [0, 0, 0, 1, 0, 1, 0, 1, 0, 0, 0], [0, 1, 1, 1, 2, 1, 1, 1, 1, 1, 0], [0, 1, 0, 2, 0, 0, 0, 1, 0, 1, 0], [0, 1, 0, 2, 0, 1, 0, 1, 0, 1, 0], [0, 1, 0, 2, 0, 1, 1, 1, 0, 1, 0], [0, 2, 0, 2, 0, 1, 1, 1, 0, 1, 0], [0, 2, 0, 2, 0, 1, 0, 1, 0, 1, 0], [0, 2, 0, 2, 0, 0, 0, 1, 0, 1, 0], [0, 2, 2, 2, 2, 2, 2, 1, 1, 1, 0], [0, 0, 0, 2, 0, 2, 0, 1, 0, 0, 0], [0, 2, 2, 2, 0, 2, 0, 1, 1, 1, 0], [0, 2, 0, 2, 2, 1, 1, 1, 0, 1, 0], [0, 2, 0, 0, 0, 1, 0, 0, 0, 1, 0], [0, 3, 2, 2, 2, 1, 1, 1, 1, 1, 0], [0, 0, 0, 0, 0, 0, 0, 0, 0, 0, 0]]"
2026-05-29T19:11:56.348912,0,East,685.0,False,False,False,"[[0, 0, 0, 0, 0, 0, 0, 0, 0, 0, 0], [0, 1, 1, 1, 1, 1, 1, 1, 1, 4, 0], [0, 1, 0, 0, 0, 1, 0, 0, 0, 5, 0], [0, 1, 0, 1, 1, 1, 1, 4, 0, 1, 0], [0, 1, 1, 1, 0, 1, 0, 1, 1, 1, 0], [0, 0, 0, 1, 0, 1, 0, 1, 0, 0, 0], [0, 1, 1, 1, 2, 1, 1, 1, 1, 1, 0], [0, 1, 0, 2, 0, 0, 0, 1, 0, 1, 0], [0, 1, 0, 2, 0, 1, 0, 1, 0, 1, 0], [0, 1, 0, 2, 0, 1, 1, 1, 0, 1, 0], [0, 2, 0, 2, 0, 1, 1, 1, 0, 1, 0], [0, 2, 0, 2, 0, 1, 0, 1, 0, 1, 0], [0, 2, 0, 2, 0, 0, 0, 1, 0, 1, 0], [0, 2, 2, 2, 2, 2, 2, 1, 1, 1, 0], [0, 0, 0, 2, 0, 2, 0, 1, 0, 0, 0], [0, 2, 2, 2, 0, 2, 0, 1, 1, 1, 0], [0, 2, 0, 2, 2, 1, 1, 1, 0, 1, 0], [0, 2, 0, 0, 0, 1, 0, 0, 0, 1, 0], [0, 3, 2, 2, 2, 1, 1, 1, 1, 1, 0], [0, 0, 0, 0, 0, 0, 0, 0, 0, 0, 0]]"
2026-05-29T19:11:56.352475,0,West,684.0,False,False,False,"[[0, 0, 0, 0, 0, 0, 0, 0, 0, 0, 0], [0, 1, 1, 1, 1, 1, 1, 1, 1, 1, 0], [0, 1, 0, 0, 0, 1, 0, 0, 0, 4, 0], [0, 1, 0, 1, 1, 1, 1, 1, 0, 5, 0], [0, 1, 1, 1, 0, 1, 0, 4, 1, 1, 0], [0, 0, 0, 1, 0, 1, 0, 1, 0, 0, 0], [0, 1, 1, 1, 2, 1, 1, 1, 1, 1, 0], [0, 1, 0, 2, 0, 0, 0, 1, 0, 1, 0], [0, 1, 0, 2, 0, 1, 0, 1, 0, 1, 0], [0, 1, 0, 2, 0, 1, 1, 1, 0, 1, 0], [0, 2, 0, 2, 0, 1, 1, 1, 0, 1, 0], [0, 2, 0, 2, 0, 1, 0, 1, 0, 1, 0], [0, 2, 0, 2, 0, 0, 0, 1, 0, 1, 0], [0, 2, 2, 2, 2, 2, 2, 1, 1, 1, 0], [0, 0, 0, 2, 0, 2, 0, 1, 0, 0, 0], [0, 2, 2, 2, 0, 2, 0, 1, 1, 1, 0], [0, 2, 0, 2, 2, 1, 1, 1, 0, 1, 0], [0, 2, 0, 0, 0, 1, 0, 0, 0, 1, 0], [0, 3, 2, 2, 2, 1, 1, 1, 1, 1, 0], [0, 0, 0, 0, 0, 0, 0, 0, 0, 0, 0]]"
